110000,北京市,北京市
110100,北京市市辖区,北京市
110101,北京市东城区,北京市
110102,北京市西城区,北京市
110103,北京市崇文区,北京市
110104,北京市宣武区,北京市
110105,北京市朝阳区,北京市
110106,北京市丰台区,北京市
110107,北京市石景山区,北京市
110108,北京市海淀区,北京市
110109,北京市门头沟区,北京市
110111,北京市房山区,北京市
110112,北京市通州区,北京市
110113,北京市顺义区,北京市
110114,北京市昌平区,北京市
110115,北京市大兴区,北京市
110116,北京市怀柔区,北京市
110117,北京市平谷区,北京市
110200,北京市县,北京市县
110228,北京市密云县,北京市密云县
110229,北京市延庆县,北京市延庆县
120000,天津市,天津市
120100,天津市市辖区,天津市
120101,天津市和平区,天津市
120102,天津市河东区,天津市
120103,天津市河西区,天津市
120104,天津市南开区,天津市
120105,天津市河北区,天津市
120106,天津市红桥区,天津市
120107,天津市塘沽区,天津市
120108,天津市汉沽区,天津市
120109,天津市大港区,天津市
120110,天津市东丽区,天津市
120111,天津市西青区,天津市
120112,天津市津南区,天津市
120113,天津市北辰区,天津市
120114,天津市武清区,天津市
120115,天津市宝坻区,天津市
120200,天津市县,天津市县
120221,天津市宁河县,天津市宁河县
120223,天津市静海县,天津市静海县
120225,天津市蓟县,天津市蓟县
130000,河北省,河北省
130100,河北省石家庄市,河北省石家庄市
130101,河北省石家庄市市辖区,河北省石家庄市
130102,河北省石家庄市长安区,河北省石家庄市
130103,河北省石家庄市桥东区,河北省石家庄市
130104,河北省石家庄市桥西区,河北省石家庄市
130105,河北省石家庄市新华区,河北省石家庄市
130107,河北省石家庄市井陉矿区,河北省石家庄市
130108,河北省石家庄市裕华区,河北省石家庄市
130121,河北省井陉县,河北省井陉县
130123,河北省正定县,河北省正定县
130124,河北省栾城县,河北省栾城县
130125,河北省行唐县,河北省行唐县
130126,河北省灵寿县,河北省灵寿县
130127,河北省高邑县,河北省高邑县
130128,河北省深泽县,河北省深泽县
130129,河北省赞皇县,河北省赞皇县
130130,河北省无极县,河北省无极县
130131,河北省平山县,河北省平山县
130132,河北省元氏县,河北省元氏县
130133,河北省赵县,河北省赵县
130181,河北省辛集市,河北省辛集市
130182,河北省藁城市,河北省藁城市
130183,河北省晋州市,河北省晋州市
130184,河北省新乐市,河北省新乐市
130185,河北省鹿泉市,河北省鹿泉市
130200,河北省唐山市,河北省唐山市
130201,河北省唐山市市辖区,河北省唐山市
130202,河北省唐山市路南区,河北省唐山市
130203,河北省唐山市路北区,河北省唐山市
130204,河北省唐山市古冶区,河北省唐山市
130205,河北省唐山市开平区,河北省唐山市
130207,河北省唐山市丰南区,河北省唐山市
130208,河北省唐山市丰润区,河北省唐山市
130223,河北省滦县,河北省滦县
130224,河北省滦南县,河北省滦南县
130225,河北省乐亭县,河北省乐亭县
130227,河北省迁西县,河北省迁西县
130229,河北省玉田县,河北省玉田县
130230,河北省唐海县,河北省唐海县
130281,河北省遵化市,河北省遵化市
130283,河北省迁安市,河北省迁安市
130300,河北省秦皇岛市,河北省秦皇岛市
130301,河北省秦皇岛市市辖区,河北省秦皇岛市
130302,河北省秦皇岛市海港区,河北省秦皇岛市
130303,河北省秦皇岛市山海关区,河北省秦皇岛市
130304,河北省秦皇岛市北戴河区,河北省秦皇岛市
130321,河北省青龙满族自治县,河北省青龙满族自治县
130322,河北省昌黎县,河北省昌黎县
130323,河北省抚宁县,河北省抚宁县
130324,河北省卢龙县,河北省卢龙县
130400,河北省邯郸市,河北省邯郸市
130401,河北省邯郸市市辖区,河北省邯郸市
130402,河北省邯郸市邯山区,河北省邯郸市
130403,河北省邯郸市丛台区,河北省邯郸市
130404,河北省邯郸市复兴区,河北省邯郸市
130406,河北省邯郸市峰峰矿区,河北省邯郸市
130421,河北省邯郸县,河北省邯郸县
130423,河北省临漳县,河北省临漳县
130424,河北省成安县,河北省成安县
130425,河北省大名县,河北省大名县
130426,河北省涉县,河北省涉县
130427,河北省磁县,河北省磁县
130428,河北省肥乡县,河北省肥乡县
130429,河北省永年县,河北省永年县
130430,河北省邱县,河北省邱县
130431,河北省鸡泽县,河北省鸡泽县
130432,河北省广平县,河北省广平县
130433,河北省馆陶县,河北省馆陶县
130434,河北省魏县,河北省魏县
130435,河北省曲周县,河北省曲周县
130481,河北省武安市,河北省武安市
130500,河北省邢台市,河北省邢台市
130501,河北省邢台市市辖区,河北省邢台市
130502,河北省邢台市桥东区,河北省邢台市
130503,河北省邢台市桥西区,河北省邢台市
130521,河北省邢台县,河北省邢台县
130522,河北省临城县,河北省临城县
130523,河北省内丘县,河北省内丘县
130524,河北省柏乡县,河北省柏乡县
130525,河北省隆尧县,河北省隆尧县
130526,河北省任县,河北省任县
130527,河北省南和县,河北省南和县
130528,河北省宁晋县,河北省宁晋县
130529,河北省巨鹿县,河北省巨鹿县
130530,河北省新河县,河北省新河县
130531,河北省广宗县,河北省广宗县
130532,河北省平乡县,河北省平乡县
130533,河北省威县,河北省威县
130534,河北省清河县,河北省清河县
130535,河北省临西县,河北省临西县
130581,河北省南宫市,河北省南宫市
130582,河北省沙河市,河北省沙河市
130600,河北省保定市,河北省保定市
130601,河北省保定市市辖区,河北省保定市
130602,河北省保定市新市区,河北省保定市
130603,河北省保定市北市区,河北省保定市
130604,河北省保定市南市区,河北省保定市
130621,河北省满城县,河北省满城县
130622,河北省清苑县,河北省清苑县
130623,河北省涞水县,河北省涞水县
130624,河北省阜平县,河北省阜平县
130625,河北省徐水县,河北省徐水县
130626,河北省定兴县,河北省定兴县
130627,河北省唐县,河北省唐县
130628,河北省高阳县,河北省高阳县
130629,河北省容城县,河北省容城县
130630,河北省涞源县,河北省涞源县
130631,河北省望都县,河北省望都县
130632,河北省安新县,河北省安新县
130633,河北省易县,河北省易县
130634,河北省曲阳县,河北省曲阳县
130635,河北省蠡县,河北省蠡县
130636,河北省顺平县,河北省顺平县
130637,河北省博野县,河北省博野县
130638,河北省雄县,河北省雄县
130681,河北省涿州市,河北省涿州市
130682,河北省定州市,河北省定州市
130683,河北省安国市,河北省安国市
130684,河北省高碑店市,河北省高碑店市
130700,河北省张家口市,河北省张家口市
130701,河北省张家口市市辖区,河北省张家口市
130702,河北省张家口市桥东区,河北省张家口市
130703,河北省张家口市桥西区,河北省张家口市
130705,河北省张家口市宣化区,河北省张家口市
130706,河北省张家口市下花园区,河北省张家口市
130721,河北省宣化县,河北省宣化县
130722,河北省张北县,河北省张北县
130723,河北省康保县,河北省康保县
130724,河北省沽源县,河北省沽源县
130725,河北省尚义县,河北省尚义县
130726,河北省蔚县,河北省蔚县
130727,河北省阳原县,河北省阳原县
130728,河北省怀安县,河北省怀安县
130729,河北省万全县,河北省万全县
130730,河北省怀来县,河北省怀来县
130731,河北省涿鹿县,河北省涿鹿县
130732,河北省赤城县,河北省赤城县
130733,河北省崇礼县,河北省崇礼县
130800,河北省承德市,河北省承德市
130801,河北省承德市市辖区,河北省承德市
130802,河北省承德市双桥区,河北省承德市
130803,河北省承德市双滦区,河北省承德市
130804,河北省承德市鹰手营子矿区,河北省承德市
130821,河北省承德县,河北省承德县
130822,河北省兴隆县,河北省兴隆县
130823,河北省平泉县,河北省平泉县
130824,河北省滦平县,河北省滦平县
130825,河北省隆化县,河北省隆化县
130826,河北省丰宁满族自治县,河北省丰宁满族自治县
130827,河北省宽城满族自治县,河北省宽城满族自治县
130828,河北省围场满族蒙古族自治县,河北省围场满族蒙古族自治县
130900,河北省沧州市,河北省沧州市
130901,河北省沧州市市辖区,河北省沧州市
130902,河北省沧州市新华区,河北省沧州市
130903,河北省沧州市运河区,河北省沧州市
130921,河北省沧县,河北省沧县
130922,河北省青县,河北省青县
130923,河北省东光县,河北省东光县
130924,河北省海兴县,河北省海兴县
130925,河北省盐山县,河北省盐山县
130926,河北省肃宁县,河北省肃宁县
130927,河北省南皮县,河北省南皮县
130928,河北省吴桥县,河北省吴桥县
130929,河北省献县,河北省献县
130930,河北省孟村回族自治县,河北省孟村回族自治县
130981,河北省泊头市,河北省泊头市
130982,河北省任丘市,河北省任丘市
130983,河北省黄骅市,河北省黄骅市
130984,河北省河间市,河北省河间市
131000,河北省廊坊市,河北省廊坊市
131001,河北省廊坊市市辖区,河北省廊坊市
131002,河北省廊坊市安次区,河北省廊坊市
131003,河北省廊坊市广阳区,河北省廊坊市
131022,河北省固安县,河北省固安县
131023,河北省永清县,河北省永清县
131024,河北省香河县,河北省香河县
131025,河北省大城县,河北省大城县
131026,河北省文安县,河北省文安县
131028,河北省大厂回族自治县,河北省大厂回族自治县
131081,河北省霸州市,河北省霸州市
131082,河北省三河市,河北省三河市
131100,河北省衡水市,河北省衡水市
131101,河北省衡水市市辖区,河北省衡水市
131102,河北省衡水市桃城区,河北省衡水市
131121,河北省枣强县,河北省枣强县
131122,河北省武邑县,河北省武邑县
131123,河北省武强县,河北省武强县
131124,河北省饶阳县,河北省饶阳县
131125,河北省安平县,河北省安平县
131126,河北省故城县,河北省故城县
131127,河北省景县,河北省景县
131128,河北省阜城县,河北省阜城县
131181,河北省冀州市,河北省冀州市
131182,河北省深州市,河北省深州市
140000,山西省,山西省
140100,山西省太原市,山西省太原市
140101,山西省太原市市辖区,山西省太原市
140105,山西省太原市小店区,山西省太原市
140106,山西省太原市迎泽区,山西省太原市
140107,山西省太原市杏花岭区,山西省太原市
140108,山西省太原市尖草坪区,山西省太原市
140109,山西省太原市万柏林区,山西省太原市
140110,山西省太原市晋源区,山西省太原市
140121,山西省清徐县,山西省清徐县
140122,山西省阳曲县,山西省阳曲县
140123,山西省娄烦县,山西省娄烦县
140181,山西省古交市,山西省古交市
140200,山西省大同市,山西省大同市
140201,山西省大同市市辖区,山西省大同市
140202,山西省大同市城区,山西省大同市
140203,山西省大同市矿区,山西省大同市
140211,山西省大同市南郊区,山西省大同市
140212,山西省大同市新荣区,山西省大同市
140221,山西省阳高县,山西省阳高县
140222,山西省天镇县,山西省天镇县
140223,山西省广灵县,山西省广灵县
140224,山西省灵丘县,山西省灵丘县
140225,山西省浑源县,山西省浑源县
140226,山西省左云县,山西省左云县
140227,山西省大同县,山西省大同县
140300,山西省阳泉市,山西省阳泉市
140301,山西省阳泉市市辖区,山西省阳泉市
140302,山西省阳泉市城区,山西省阳泉市
140303,山西省阳泉市矿区,山西省阳泉市
140311,山西省阳泉市郊区,山西省阳泉市
140321,山西省平定县,山西省平定县
140322,山西省盂县,山西省盂县
140400,山西省长治市,山西省长治市
140401,山西省长治市市辖区,山西省长治市
140402,山西省长治市城区,山西省长治市
140411,山西省长治市郊区,山西省长治市
140421,山西省长治县,山西省长治县
140423,山西省襄垣县,山西省襄垣县
140424,山西省屯留县,山西省屯留县
140425,山西省平顺县,山西省平顺县
140426,山西省黎城县,山西省黎城县
140427,山西省壶关县,山西省壶关县
140428,山西省长子县,山西省长子县
140429,山西省武乡县,山西省武乡县
140430,山西省沁县,山西省沁县
140431,山西省沁源县,山西省沁源县
140481,山西省潞城市,山西省潞城市
140500,山西省晋城市,山西省晋城市
140501,山西省晋城市市辖区,山西省晋城市
140502,山西省晋城市城区,山西省晋城市
140521,山西省沁水县,山西省沁水县
140522,山西省阳城县,山西省阳城县
140524,山西省陵川县,山西省陵川县
140525,山西省泽州县,山西省泽州县
140581,山西省高平市,山西省高平市
140600,山西省朔州市,山西省朔州市
140601,山西省朔州市市辖区,山西省朔州市
140602,山西省朔州市朔城区,山西省朔州市
140603,山西省朔州市平鲁区,山西省朔州市
140621,山西省山阴县,山西省山阴县
140622,山西省应县,山西省应县
140623,山西省右玉县,山西省右玉县
140624,山西省怀仁县,山西省怀仁县
140700,山西省晋中市,山西省晋中市
140701,山西省晋中市市辖区,山西省晋中市
140702,山西省晋中市榆次区,山西省晋中市
140721,山西省榆社县,山西省榆社县
140722,山西省左权县,山西省左权县
140723,山西省和顺县,山西省和顺县
140724,山西省昔阳县,山西省昔阳县
140725,山西省寿阳县,山西省寿阳县
140726,山西省太谷县,山西省太谷县
140727,山西省祁县,山西省祁县
140728,山西省平遥县,山西省平遥县
140729,山西省灵石县,山西省灵石县
140781,山西省介休市,山西省介休市
140800,山西省运城市,山西省运城市
140801,山西省运城市市辖区,山西省运城市
140802,山西省运城市盐湖区,山西省运城市
140821,山西省临猗县,山西省临猗县
140822,山西省万荣县,山西省万荣县
140823,山西省闻喜县,山西省闻喜县
140824,山西省稷山县,山西省稷山县
140825,山西省新绛县,山西省新绛县
140826,山西省绛县,山西省绛县
140827,山西省垣曲县,山西省垣曲县
140828,山西省夏县,山西省夏县
140829,山西省平陆县,山西省平陆县
140830,山西省芮城县,山西省芮城县
140881,山西省永济市,山西省永济市
140882,山西省河津市,山西省河津市
140900,山西省忻州市,山西省忻州市
140901,山西省忻州市市辖区,山西省忻州市
140902,山西省忻州市忻府区,山西省忻州市
140921,山西省定襄县,山西省定襄县
140922,山西省五台县,山西省五台县
140923,山西省代县,山西省代县
140924,山西省繁峙县,山西省繁峙县
140925,山西省宁武县,山西省宁武县
140926,山西省静乐县,山西省静乐县
140927,山西省神池县,山西省神池县
140928,山西省五寨县,山西省五寨县
140929,山西省岢岚县,山西省岢岚县
140930,山西省河曲县,山西省河曲县
140931,山西省保德县,山西省保德县
140932,山西省偏关县,山西省偏关县
140981,山西省原平市,山西省原平市
141000,山西省临汾市,山西省临汾市
141001,山西省临汾市市辖区,山西省临汾市
141002,山西省临汾市尧都区,山西省临汾市
141021,山西省曲沃县,山西省曲沃县
141022,山西省翼城县,山西省翼城县
141023,山西省襄汾县,山西省襄汾县
141024,山西省洪洞县,山西省洪洞县
141025,山西省古县,山西省古县
141026,山西省安泽县,山西省安泽县
141027,山西省浮山县,山西省浮山县
141028,山西省吉县,山西省吉县
141029,山西省乡宁县,山西省乡宁县
141030,山西省大宁县,山西省大宁县
141031,山西省隰县,山西省隰县
141032,山西省永和县,山西省永和县
141033,山西省蒲县,山西省蒲县
141034,山西省汾西县,山西省汾西县
141081,山西省侯马市,山西省侯马市
141082,山西省霍州市,山西省霍州市
141100,山西省吕梁市,山西省吕梁市
141101,山西省吕梁市市辖区,山西省吕梁市
141102,山西省吕梁市离石区,山西省吕梁市
141121,山西省文水县,山西省文水县
141122,山西省交城县,山西省交城县
141123,山西省兴县,山西省兴县
141124,山西省临县,山西省临县
141125,山西省柳林县,山西省柳林县
141126,山西省石楼县,山西省石楼县
141127,山西省岚县,山西省岚县
141128,山西省方山县,山西省方山县
141129,山西省中阳县,山西省中阳县
141130,山西省交口县,山西省交口县
141181,山西省孝义市,山西省孝义市
141182,山西省汾阳市,山西省汾阳市
150000,内蒙古自治区,内蒙古自治区
150100,内蒙古自治区呼和浩特市,内蒙古自治区呼和浩特市
150101,内蒙古自治区呼和浩特市市辖区,内蒙古自治区呼和浩特市
150102,内蒙古自治区呼和浩特市新城区,内蒙古自治区呼和浩特市
150103,内蒙古自治区呼和浩特市回民区,内蒙古自治区呼和浩特市
150104,内蒙古自治区呼和浩特市玉泉区,内蒙古自治区呼和浩特市
150105,内蒙古自治区呼和浩特市赛罕区,内蒙古自治区呼和浩特市
150121,内蒙古自治区呼和浩特市土默特左旗,内蒙古自治区呼和浩特市
150122,内蒙古自治区呼和浩特市托克托县,内蒙古自治区呼和浩特市
150123,内蒙古自治区呼和浩特市和林格尔县,内蒙古自治区呼和浩特市
150124,内蒙古自治区呼和浩特市清水河县,内蒙古自治区呼和浩特市
150125,内蒙古自治区呼和浩特市武川县,内蒙古自治区呼和浩特市
150200,内蒙古自治区包头市,内蒙古自治区包头市
150201,内蒙古自治区包头市市辖区,内蒙古自治区包头市
150202,内蒙古自治区包头市东河区,内蒙古自治区包头市
150203,内蒙古自治区包头市昆都仑区,内蒙古自治区包头市
150204,内蒙古自治区包头市青山区,内蒙古自治区包头市
150205,内蒙古自治区包头市石拐区,内蒙古自治区包头市
150206,内蒙古自治区包头市白云矿区,内蒙古自治区包头市
150207,内蒙古自治区包头市九原区,内蒙古自治区包头市
150221,内蒙古自治区包头市土默特右旗,内蒙古自治区包头市
150222,内蒙古自治区包头市固阳县,内蒙古自治区包头市
150223,内蒙古自治区包头市达尔罕茂明安联合旗,内蒙古自治区包头市
150300,内蒙古自治区乌海市,内蒙古自治区乌海市
150301,内蒙古自治区乌海市市辖区,内蒙古自治区乌海市
150302,内蒙古自治区乌海市海勃湾区,内蒙古自治区乌海市
150303,内蒙古自治区乌海市海南区,内蒙古自治区乌海市
150304,内蒙古自治区乌海市乌达区,内蒙古自治区乌海市
150400,内蒙古自治区赤峰市,内蒙古自治区赤峰市
150401,内蒙古自治区赤峰市市辖区,内蒙古自治区赤峰市
150402,内蒙古自治区红山区,内蒙古自治区红山区
150403,内蒙古自治区元宝山区,内蒙古自治区元宝山区
150404,内蒙古自治区松山区,内蒙古自治区松山区
150421,内蒙古自治区阿鲁科尔沁旗,内蒙古自治区阿鲁科尔沁旗
150422,内蒙古自治区巴林左旗,内蒙古自治区巴林左旗
150423,内蒙古自治区巴林右旗,内蒙古自治区巴林右旗
150424,内蒙古自治区林西县,内蒙古自治区林西县
150425,内蒙古自治区克什克腾旗,内蒙古自治区克什克腾旗
150426,内蒙古自治区翁牛特旗,内蒙古自治区翁牛特旗
150428,内蒙古自治区喀喇沁旗,内蒙古自治区喀喇沁旗
150429,内蒙古自治区宁城县,内蒙古自治区宁城县
150430,内蒙古自治区敖汉旗,内蒙古自治区敖汉旗
150500,内蒙古自治区通辽市,内蒙古自治区通辽市
150501,内蒙古自治区通辽市市辖区,内蒙古自治区通辽市
150502,内蒙古自治区通辽市科尔沁区,内蒙古自治区通辽市
150521,内蒙古自治区通辽市科尔沁左翼中旗,内蒙古自治区通辽市
150522,内蒙古自治区通辽市科尔沁左翼后旗,内蒙古自治区通辽市
150523,内蒙古自治区通辽市开鲁县,内蒙古自治区通辽市
150524,内蒙古自治区通辽市库伦旗,内蒙古自治区通辽市
150525,内蒙古自治区通辽市奈曼旗,内蒙古自治区通辽市
150526,内蒙古自治区通辽市扎鲁特旗,内蒙古自治区通辽市
150581,内蒙古自治区通辽市霍林郭勒市,内蒙古自治区通辽市
150600,内蒙古自治区鄂尔多斯市,内蒙古自治区鄂尔多斯市
150601,内蒙古自治区鄂尔多斯市市辖区,内蒙古自治区鄂尔多斯市
150602,内蒙古自治区鄂尔多斯市东胜区,内蒙古自治区鄂尔多斯市
150621,内蒙古自治区鄂尔多斯市达拉特旗,内蒙古自治区鄂尔多斯市
150622,内蒙古自治区鄂尔多斯市准格尔旗,内蒙古自治区鄂尔多斯市
150623,内蒙古自治区鄂尔多斯市鄂托克前旗,内蒙古自治区鄂尔多斯市
150624,内蒙古自治区鄂尔多斯市鄂托克旗,内蒙古自治区鄂尔多斯市
150625,内蒙古自治区鄂尔多斯市杭锦旗,内蒙古自治区鄂尔多斯市
150626,内蒙古自治区鄂尔多斯市乌审旗,内蒙古自治区鄂尔多斯市
150627,内蒙古自治区鄂尔多斯市伊金霍洛旗,内蒙古自治区鄂尔多斯市
150700,内蒙古自治区呼伦贝尔市,内蒙古自治区呼伦贝尔市
150701,内蒙古自治区呼伦贝尔市市辖区,内蒙古自治区呼伦贝尔市
150702,内蒙古自治区呼伦贝尔市海拉尔区,内蒙古自治区呼伦贝尔市
150721,内蒙古自治区呼伦贝尔市阿荣旗,内蒙古自治区呼伦贝尔市
150722,内蒙古自治区呼伦贝尔市莫力达瓦达斡尔族自治旗,内蒙古自治区呼伦贝尔市
150723,内蒙古自治区呼伦贝尔市鄂伦春自治旗,内蒙古自治区呼伦贝尔市
150724,内蒙古自治区呼伦贝尔市鄂温克族自治旗,内蒙古自治区呼伦贝尔市
150725,内蒙古自治区呼伦贝尔市陈巴尔虎旗,内蒙古自治区呼伦贝尔市
150726,内蒙古自治区呼伦贝尔市新巴尔虎左旗,内蒙古自治区呼伦贝尔市
150727,内蒙古自治区呼伦贝尔市新巴尔虎右旗,内蒙古自治区呼伦贝尔市
150781,内蒙古自治区呼伦贝尔市满洲里市,内蒙古自治区呼伦贝尔市
150782,内蒙古自治区呼伦贝尔市牙克石市,内蒙古自治区呼伦贝尔市
150783,内蒙古自治区呼伦贝尔市扎兰屯市,内蒙古自治区呼伦贝尔市
150784,内蒙古自治区呼伦贝尔市额尔古纳市,内蒙古自治区呼伦贝尔市
150785,内蒙古自治区呼伦贝尔市根河市,内蒙古自治区呼伦贝尔市
150800,内蒙古自治区巴彦淖尔市,内蒙古自治区巴彦淖尔市
150801,内蒙古自治区巴彦淖尔市市辖区,内蒙古自治区巴彦淖尔市
150802,内蒙古自治区巴彦淖尔市临河区,内蒙古自治区巴彦淖尔市
150821,内蒙古自治区巴彦淖尔市五原县,内蒙古自治区巴彦淖尔市
150822,内蒙古自治区巴彦淖尔市磴口县,内蒙古自治区巴彦淖尔市
150823,内蒙古自治区巴彦淖尔市乌拉特前旗,内蒙古自治区巴彦淖尔市
150824,内蒙古自治区巴彦淖尔市乌拉特中旗,内蒙古自治区巴彦淖尔市
150825,内蒙古自治区巴彦淖尔市乌拉特后旗,内蒙古自治区巴彦淖尔市
150826,内蒙古自治区巴彦淖尔市杭锦后旗,内蒙古自治区巴彦淖尔市
150900,内蒙古自治区乌兰察布市,内蒙古自治区乌兰察布市
150901,内蒙古自治区乌兰察布市市辖区,内蒙古自治区乌兰察布市
150902,内蒙古自治区乌兰察布市集宁区,内蒙古自治区乌兰察布市
150921,内蒙古自治区乌兰察布市卓资县,内蒙古自治区乌兰察布市
150922,内蒙古自治区乌兰察布市化德县,内蒙古自治区乌兰察布市
150923,内蒙古自治区乌兰察布市商都县,内蒙古自治区乌兰察布市
150924,内蒙古自治区乌兰察布市兴和县,内蒙古自治区乌兰察布市
150925,内蒙古自治区乌兰察布市凉城县,内蒙古自治区乌兰察布市
150926,内蒙古自治区乌兰察布市察哈尔右翼前旗,内蒙古自治区乌兰察布市
150927,内蒙古自治区乌兰察布市察哈尔右翼中旗,内蒙古自治区乌兰察布市
150928,内蒙古自治区乌兰察布市察哈尔右翼后旗,内蒙古自治区乌兰察布市
150929,内蒙古自治区乌兰察布市四子王旗,内蒙古自治区乌兰察布市
150981,内蒙古自治区乌兰察布市丰镇市,内蒙古自治区乌兰察布市
152200,内蒙古自治区兴安盟,内蒙古自治区兴安盟
152201,内蒙古自治区兴安盟乌兰浩特市,内蒙古自治区兴安盟乌兰浩特市
152202,内蒙古自治区兴安盟阿尔山市,内蒙古自治区兴安盟阿尔山市
152221,内蒙古自治区兴安盟科尔沁右翼前旗,内蒙古自治区兴安盟科尔沁右翼前旗
152222,内蒙古自治区兴安盟科尔沁右翼中旗,内蒙古自治区兴安盟科尔沁右翼中旗
152223,内蒙古自治区兴安盟扎赉特旗,内蒙古自治区兴安盟扎赉特旗
152224,内蒙古自治区兴安盟突泉县,内蒙古自治区兴安盟突泉县
152500,内蒙古自治区锡林郭勒盟,内蒙古自治区锡林郭勒盟
152501,内蒙古自治区锡林郭勒盟二连浩特市,内蒙古自治区锡林郭勒盟二连浩特市
152502,内蒙古自治区锡林郭勒盟锡林浩特市,内蒙古自治区锡林郭勒盟锡林浩特市
152522,内蒙古自治区锡林郭勒盟阿巴嘎旗,内蒙古自治区锡林郭勒盟阿巴嘎旗
152523,内蒙古自治区锡林郭勒盟苏尼特左旗,内蒙古自治区锡林郭勒盟苏尼特左旗
152524,内蒙古自治区锡林郭勒盟苏尼特右旗,内蒙古自治区锡林郭勒盟苏尼特右旗
152525,内蒙古自治区锡林郭勒盟东乌珠穆沁旗,内蒙古自治区锡林郭勒盟东乌珠穆沁旗
152526,内蒙古自治区锡林郭勒盟西乌珠穆沁旗,内蒙古自治区锡林郭勒盟西乌珠穆沁旗
152527,内蒙古自治区锡林郭勒盟太仆寺旗,内蒙古自治区锡林郭勒盟太仆寺旗
152528,内蒙古自治区锡林郭勒盟镶黄旗,内蒙古自治区锡林郭勒盟镶黄旗
152529,内蒙古自治区锡林郭勒盟正镶白旗,内蒙古自治区锡林郭勒盟正镶白旗
152530,内蒙古自治区锡林郭勒盟正蓝旗,内蒙古自治区锡林郭勒盟正蓝旗
152531,内蒙古自治区锡林郭勒盟多伦县,内蒙古自治区锡林郭勒盟多伦县
152900,内蒙古自治区阿拉善盟,内蒙古自治区阿拉善盟
152921,内蒙古自治区阿拉善盟阿拉善左旗,内蒙古自治区阿拉善盟阿拉善左旗
152922,内蒙古自治区阿拉善盟阿拉善右旗,内蒙古自治区阿拉善盟阿拉善右旗
152923,内蒙古自治区阿拉善盟额济纳旗,内蒙古自治区阿拉善盟额济纳旗
210000,辽宁省,辽宁省
210100,辽宁省沈阳市,辽宁省沈阳市
210101,辽宁省沈阳市市辖区,辽宁省沈阳市
210102,辽宁省沈阳市和平区,辽宁省沈阳市
210103,辽宁省沈阳市沈河区,辽宁省沈阳市
210104,辽宁省沈阳市大东区,辽宁省沈阳市
210105,辽宁省沈阳市皇姑区,辽宁省沈阳市
210106,辽宁省沈阳市铁西区,辽宁省沈阳市
210111,辽宁省沈阳市苏家屯区,辽宁省沈阳市
210112,辽宁省沈阳市东陵区,辽宁省沈阳市
210113,辽宁省沈阳市沈北新区,辽宁省沈阳市
210114,辽宁省沈阳市于洪区,辽宁省沈阳市
210122,辽宁省辽中县,辽宁省辽中县
210123,辽宁省康平县,辽宁省康平县
210124,辽宁省法库县,辽宁省法库县
210181,辽宁省新民市,辽宁省新民市
210200,辽宁省大连市,辽宁省大连市
210201,辽宁省大连市市辖区,辽宁省大连市
210202,辽宁省大连市中山区,辽宁省大连市
210203,辽宁省大连市西岗区,辽宁省大连市
210204,辽宁省大连市沙河口区,辽宁省大连市
210211,辽宁省大连市甘井子区,辽宁省大连市
210212,辽宁省大连市旅顺口区,辽宁省大连市
210213,辽宁省大连市金州区,辽宁省大连市
210224,辽宁省长海县,辽宁省长海县
210281,辽宁省瓦房店市,辽宁省瓦房店市
210282,辽宁省普兰店市,辽宁省普兰店市
210283,辽宁省庄河市,辽宁省庄河市
210300,辽宁省鞍山市,辽宁省鞍山市
210301,辽宁省鞍山市市辖区,辽宁省鞍山市
210302,辽宁省鞍山市铁东区,辽宁省鞍山市
210303,辽宁省鞍山市铁西区,辽宁省鞍山市
210304,辽宁省鞍山市立山区,辽宁省鞍山市
210311,辽宁省鞍山市千山区,辽宁省鞍山市
210321,辽宁省台安县,辽宁省台安县
210323,辽宁省岫岩满族自治县,辽宁省岫岩满族自治县
210381,辽宁省海城市,辽宁省海城市
210400,辽宁省抚顺市,辽宁省抚顺市
210401,辽宁省抚顺市市辖区,辽宁省抚顺市
210402,辽宁省抚顺市新抚区,辽宁省抚顺市
210403,辽宁省抚顺市东洲区,辽宁省抚顺市
210404,辽宁省抚顺市望花区,辽宁省抚顺市
210411,辽宁省抚顺市顺城区,辽宁省抚顺市
210421,辽宁省抚顺县,辽宁省抚顺县
210422,辽宁省新宾满族自治县,辽宁省新宾满族自治县
210423,辽宁省清原满族自治县,辽宁省清原满族自治县
210500,辽宁省本溪市,辽宁省本溪市
210501,辽宁省本溪市市辖区,辽宁省本溪市
210502,辽宁省本溪市平山区,辽宁省本溪市
210503,辽宁省本溪市溪湖区,辽宁省本溪市
210504,辽宁省本溪市明山区,辽宁省本溪市
210505,辽宁省本溪市南芬区,辽宁省本溪市
210521,辽宁省本溪满族自治县,辽宁省本溪满族自治县
210522,辽宁省桓仁满族自治县,辽宁省桓仁满族自治县
210600,辽宁省丹东市,辽宁省丹东市
210601,辽宁省丹东市市辖区,辽宁省丹东市
210602,辽宁省丹东市元宝区,辽宁省丹东市
210603,辽宁省丹东市振兴区,辽宁省丹东市
210604,辽宁省丹东市振安区,辽宁省丹东市
210624,辽宁省宽甸满族自治县,辽宁省宽甸满族自治县
210681,辽宁省东港市,辽宁省东港市
210682,辽宁省凤城市,辽宁省凤城市
210700,辽宁省锦州市,辽宁省锦州市
210701,辽宁省锦州市市辖区,辽宁省锦州市
210702,辽宁省锦州市古塔区,辽宁省锦州市
210703,辽宁省锦州市凌河区,辽宁省锦州市
210711,辽宁省锦州市太和区,辽宁省锦州市
210726,辽宁省黑山县,辽宁省黑山县
210727,辽宁省义县,辽宁省义县
210781,辽宁省凌海市,辽宁省凌海市
210782,辽宁省北镇市,辽宁省北镇市
210800,辽宁省营口市,辽宁省营口市
210801,辽宁省营口市市辖区,辽宁省营口市
210802,辽宁省营口市站前区,辽宁省营口市
210803,辽宁省营口市西市区,辽宁省营口市
210804,辽宁省营口市鲅鱼圈区,辽宁省营口市
210811,辽宁省营口市老边区,辽宁省营口市
210881,辽宁省盖州市,辽宁省盖州市
210882,辽宁省大石桥市,辽宁省大石桥市
210900,辽宁省阜新市,辽宁省阜新市
210901,辽宁省阜新市市辖区,辽宁省阜新市
210902,辽宁省阜新市海州区,辽宁省阜新市
210903,辽宁省阜新市新邱区,辽宁省阜新市
210904,辽宁省阜新市太平区,辽宁省阜新市
210905,辽宁省阜新市清河门区,辽宁省阜新市
210911,辽宁省阜新市细河区,辽宁省阜新市
210921,辽宁省阜新蒙古族自治县,辽宁省阜新蒙古族自治县
210922,辽宁省彰武县,辽宁省彰武县
211000,辽宁省辽阳市,辽宁省辽阳市
211001,辽宁省辽阳市市辖区,辽宁省辽阳市
211002,辽宁省辽阳市白塔区,辽宁省辽阳市
211003,辽宁省辽阳市文圣区,辽宁省辽阳市
211004,辽宁省辽阳市宏伟区,辽宁省辽阳市
211005,辽宁省辽阳市弓长岭区,辽宁省辽阳市
211011,辽宁省辽阳市太子河区,辽宁省辽阳市
211021,辽宁省辽阳县,辽宁省辽阳县
211081,辽宁省灯塔市,辽宁省灯塔市
211100,辽宁省盘锦市,辽宁省盘锦市
211101,辽宁省盘锦市市辖区,辽宁省盘锦市
211102,辽宁省盘锦市双台子区,辽宁省盘锦市
211103,辽宁省盘锦市兴隆台区,辽宁省盘锦市
211121,辽宁省大洼县,辽宁省大洼县
211122,辽宁省盘山县,辽宁省盘山县
211200,辽宁省铁岭市,辽宁省铁岭市
211201,辽宁省铁岭市市辖区,辽宁省铁岭市
211202,辽宁省铁岭市银州区,辽宁省铁岭市
211204,辽宁省铁岭市清河区,辽宁省铁岭市
211221,辽宁省铁岭县,辽宁省铁岭县
211223,辽宁省西丰县,辽宁省西丰县
211224,辽宁省昌图县,辽宁省昌图县
211281,辽宁省调兵山市,辽宁省调兵山市
211282,辽宁省开原市,辽宁省开原市
211300,辽宁省朝阳市,辽宁省朝阳市
211301,辽宁省朝阳市市辖区,辽宁省朝阳市
211302,辽宁省朝阳市双塔区,辽宁省朝阳市
211303,辽宁省朝阳市龙城区,辽宁省朝阳市
211321,辽宁省朝阳县,辽宁省朝阳县
211322,辽宁省建平县,辽宁省建平县
211324,辽宁省喀喇沁左翼蒙古族自治县,辽宁省喀喇沁左翼蒙古族自治县
211381,辽宁省北票市,辽宁省北票市
211382,辽宁省凌源市,辽宁省凌源市
211400,辽宁省葫芦岛市,辽宁省葫芦岛市
211401,辽宁省葫芦岛市市辖区,辽宁省葫芦岛市
211402,辽宁省葫芦岛市连山区,辽宁省葫芦岛市
211403,辽宁省葫芦岛市龙港区,辽宁省葫芦岛市
211404,辽宁省葫芦岛市南票区,辽宁省葫芦岛市
211421,辽宁省绥中县,辽宁省绥中县
211422,辽宁省建昌县,辽宁省建昌县
211481,辽宁省兴城市,辽宁省兴城市
220000,吉林省,吉林省
220100,吉林省长春市,吉林省长春市
220101,吉林省长春市市辖区,吉林省长春市
220102,吉林省长春市南关区,吉林省长春市
220103,吉林省长春市宽城区,吉林省长春市
220104,吉林省长春市朝阳区,吉林省长春市
220105,吉林省长春市二道区,吉林省长春市
220106,吉林省长春市绿园区,吉林省长春市
220112,吉林省长春市双阳区,吉林省长春市
220122,吉林省农安县,吉林省农安县
220181,吉林省九台市,吉林省九台市
220182,吉林省榆树市,吉林省榆树市
220183,吉林省德惠市,吉林省德惠市
220200,吉林省吉林市,吉林省吉林市
220201,吉林省吉林市市辖区,吉林省吉林市
220202,吉林省吉林市昌邑区,吉林省吉林市
220203,吉林省吉林市龙潭区,吉林省吉林市
220204,吉林省吉林市船营区,吉林省吉林市
220211,吉林省吉林市丰满区,吉林省吉林市
220221,吉林省永吉县,吉林省永吉县
220281,吉林省蛟河市,吉林省蛟河市
220282,吉林省桦甸市,吉林省桦甸市
220283,吉林省舒兰市,吉林省舒兰市
220284,吉林省磐石市,吉林省磐石市
220300,吉林省四平市,吉林省四平市
220301,吉林省四平市市辖区,吉林省四平市
220302,吉林省四平市铁西区,吉林省四平市
220303,吉林省四平市铁东区,吉林省四平市
220322,吉林省梨树县,吉林省梨树县
220323,吉林省伊通满族自治县,吉林省伊通满族自治县
220381,吉林省公主岭市,吉林省公主岭市
220382,吉林省双辽市,吉林省双辽市
220400,吉林省辽源市,吉林省辽源市
220401,吉林省辽源市市辖区,吉林省辽源市
220402,吉林省辽源市龙山区,吉林省辽源市
220403,吉林省辽源市西安区,吉林省辽源市
220421,吉林省东丰县,吉林省东丰县
220422,吉林省东辽县,吉林省东辽县
220500,吉林省通化市,吉林省通化市
220501,吉林省通化市市辖区,吉林省通化市
220502,吉林省通化市东昌区,吉林省通化市
220503,吉林省通化市道江区,吉林省通化市
220521,吉林省通化县,吉林省通化县
220523,吉林省辉南县,吉林省辉南县
220524,吉林省柳河县,吉林省柳河县
220581,吉林省梅河口市,吉林省梅河口市
220582,吉林省集安市,吉林省集安市
220600,吉林省白山市,吉林省白山市
220601,吉林省白山市市辖区,吉林省白山市
220602,吉林省白山市八道江区,吉林省白山市
220605,吉林省白山市江源区,吉林省白山市
220621,吉林省抚松县,吉林省抚松县
220622,吉林省靖宇县,吉林省靖宇县
220623,吉林省长白朝鲜族自治县,吉林省长白朝鲜族自治县
220681,吉林省临江市,吉林省临江市
220700,吉林省松原市,吉林省松原市
220701,吉林省松原市市辖区,吉林省松原市
220702,吉林省松原市宁江区,吉林省松原市
220721,吉林省前郭尔罗斯蒙古族自治县,吉林省前郭尔罗斯蒙古族自治县
220722,吉林省长岭县,吉林省长岭县
220723,吉林省乾安县,吉林省乾安县
220724,吉林省扶余县,吉林省扶余县
220800,吉林省白城市,吉林省白城市
220801,吉林省白城市市辖区,吉林省白城市
220802,吉林省白城市洮北区,吉林省白城市
220821,吉林省镇赉县,吉林省镇赉县
220822,吉林省通榆县,吉林省通榆县
220881,吉林省洮南市,吉林省洮南市
220882,吉林省大安市,吉林省大安市
222400,吉林省延边朝鲜族自治州,吉林省延边朝鲜族自治州
222401,吉林省延吉市,吉林省延吉市
222402,吉林省图们市,吉林省图们市
222403,吉林省敦化市,吉林省敦化市
222404,吉林省珲春市,吉林省珲春市
222405,吉林省龙井市,吉林省龙井市
222406,吉林省和龙市,吉林省和龙市
222424,吉林省汪清县,吉林省汪清县
222426,吉林省安图县,吉林省安图县
230000,黑龙江省,黑龙江省
230100,黑龙江省哈尔滨市,黑龙江省哈尔滨市
230101,黑龙江省哈尔滨市市辖区,黑龙江省哈尔滨市
230102,黑龙江省哈尔滨市道里区,黑龙江省哈尔滨市
230103,黑龙江省哈尔滨市南岗区,黑龙江省哈尔滨市
230104,黑龙江省哈尔滨市道外区,黑龙江省哈尔滨市
230108,黑龙江省哈尔滨市平房区,黑龙江省哈尔滨市
230109,黑龙江省哈尔滨市松北区,黑龙江省哈尔滨市
230110,黑龙江省哈尔滨市香坊区,黑龙江省哈尔滨市
230111,黑龙江省哈尔滨市呼兰区,黑龙江省哈尔滨市
230112,黑龙江省哈尔滨市阿城区,黑龙江省哈尔滨市
230123,黑龙江省依兰县,黑龙江省依兰县
230124,黑龙江省方正县,黑龙江省方正县
230125,黑龙江省宾县,黑龙江省宾县
230126,黑龙江省巴彦县,黑龙江省巴彦县
230127,黑龙江省木兰县,黑龙江省木兰县
230128,黑龙江省通河县,黑龙江省通河县
230129,黑龙江省延寿县,黑龙江省延寿县
230182,黑龙江省双城市,黑龙江省双城市
230183,黑龙江省尚志市,黑龙江省尚志市
230184,黑龙江省五常市,黑龙江省五常市
230200,黑龙江省齐齐哈尔市,黑龙江省齐齐哈尔市
230201,黑龙江省齐齐哈尔市市辖区,黑龙江省齐齐哈尔市
230202,黑龙江省齐齐哈尔市龙沙区,黑龙江省齐齐哈尔市
230203,黑龙江省齐齐哈尔市建华区,黑龙江省齐齐哈尔市
230204,黑龙江省齐齐哈尔市铁锋区,黑龙江省齐齐哈尔市
230205,黑龙江省齐齐哈尔市昂昂溪区,黑龙江省齐齐哈尔市
230206,黑龙江省齐齐哈尔市富拉尔基区,黑龙江省齐齐哈尔市
230207,黑龙江省齐齐哈尔市碾子山区,黑龙江省齐齐哈尔市
230208,黑龙江省齐齐哈尔市梅里斯达斡尔族区,黑龙江省齐齐哈尔市
230221,黑龙江省龙江县,黑龙江省龙江县
230223,黑龙江省依安县,黑龙江省依安县
230224,黑龙江省泰来县,黑龙江省泰来县
230225,黑龙江省甘南县,黑龙江省甘南县
230227,黑龙江省富裕县,黑龙江省富裕县
230229,黑龙江省克山县,黑龙江省克山县
230230,黑龙江省克东县,黑龙江省克东县
230231,黑龙江省拜泉县,黑龙江省拜泉县
230281,黑龙江省讷河市,黑龙江省讷河市
230300,黑龙江省鸡西市,黑龙江省鸡西市
230301,黑龙江省鸡西市市辖区,黑龙江省鸡西市
230302,黑龙江省鸡西市鸡冠区,黑龙江省鸡西市
230303,黑龙江省鸡西市恒山区,黑龙江省鸡西市
230304,黑龙江省鸡西市滴道区,黑龙江省鸡西市
230305,黑龙江省鸡西市梨树区,黑龙江省鸡西市
230306,黑龙江省鸡西市城子河区,黑龙江省鸡西市
230307,黑龙江省鸡西市麻山区,黑龙江省鸡西市
230321,黑龙江省鸡东县,黑龙江省鸡东县
230381,黑龙江省虎林市,黑龙江省虎林市
230382,黑龙江省密山市,黑龙江省密山市
230400,黑龙江省鹤岗市,黑龙江省鹤岗市
230401,黑龙江省鹤岗市市辖区,黑龙江省鹤岗市
230402,黑龙江省鹤岗市向阳区,黑龙江省鹤岗市
230403,黑龙江省鹤岗市工农区,黑龙江省鹤岗市
230404,黑龙江省鹤岗市南山区,黑龙江省鹤岗市
230405,黑龙江省鹤岗市兴安区,黑龙江省鹤岗市
230406,黑龙江省鹤岗市东山区,黑龙江省鹤岗市
230407,黑龙江省鹤岗市兴山区,黑龙江省鹤岗市
230421,黑龙江省萝北县,黑龙江省萝北县
230422,黑龙江省绥滨县,黑龙江省绥滨县
230500,黑龙江省双鸭山市,黑龙江省双鸭山市
230501,黑龙江省双鸭山市市辖区,黑龙江省双鸭山市
230502,黑龙江省双鸭山市尖山区,黑龙江省双鸭山市
230503,黑龙江省双鸭山市岭东区,黑龙江省双鸭山市
230505,黑龙江省双鸭山市四方台区,黑龙江省双鸭山市
230506,黑龙江省双鸭山市宝山区,黑龙江省双鸭山市
230521,黑龙江省集贤县,黑龙江省集贤县
230522,黑龙江省友谊县,黑龙江省友谊县
230523,黑龙江省宝清县,黑龙江省宝清县
230524,黑龙江省饶河县,黑龙江省饶河县
230600,黑龙江省大庆市,黑龙江省大庆市
230601,黑龙江省大庆市市辖区,黑龙江省大庆市
230602,黑龙江省大庆市萨尔图区,黑龙江省大庆市
230603,黑龙江省大庆市龙凤区,黑龙江省大庆市
230604,黑龙江省大庆市让胡路区,黑龙江省大庆市
230605,黑龙江省大庆市红岗区,黑龙江省大庆市
230606,黑龙江省大庆市大同区,黑龙江省大庆市
230621,黑龙江省肇州县,黑龙江省肇州县
230622,黑龙江省肇源县,黑龙江省肇源县
230623,黑龙江省林甸县,黑龙江省林甸县
230624,黑龙江省杜尔伯特蒙古族自治县,黑龙江省杜尔伯特蒙古族自治县
230700,黑龙江省伊春市,黑龙江省伊春市
230701,黑龙江省伊春市市辖区,黑龙江省伊春市
230702,黑龙江省伊春市伊春区,黑龙江省伊春市
230703,黑龙江省伊春市南岔区,黑龙江省伊春市
230704,黑龙江省伊春市友好区,黑龙江省伊春市
230705,黑龙江省伊春市西林区,黑龙江省伊春市
230706,黑龙江省伊春市翠峦区,黑龙江省伊春市
230707,黑龙江省伊春市新青区,黑龙江省伊春市
230708,黑龙江省伊春市美溪区,黑龙江省伊春市
230709,黑龙江省伊春市金山屯区,黑龙江省伊春市
230710,黑龙江省伊春市五营区,黑龙江省伊春市
230711,黑龙江省伊春市乌马河区,黑龙江省伊春市
230712,黑龙江省伊春市汤旺河区,黑龙江省伊春市
230713,黑龙江省伊春市带岭区,黑龙江省伊春市
230714,黑龙江省伊春市乌伊岭区,黑龙江省伊春市
230715,黑龙江省伊春市红星区,黑龙江省伊春市
230716,黑龙江省伊春市上甘岭区,黑龙江省伊春市
230722,黑龙江省嘉荫县,黑龙江省嘉荫县
230781,黑龙江省铁力市,黑龙江省铁力市
230800,黑龙江省佳木斯市,黑龙江省佳木斯市
230801,黑龙江省佳木斯市市辖区,黑龙江省佳木斯市
230803,黑龙江省佳木斯市向阳区,黑龙江省佳木斯市
230804,黑龙江省佳木斯市前进区,黑龙江省佳木斯市
230805,黑龙江省佳木斯市东风区,黑龙江省佳木斯市
230811,黑龙江省佳木斯市郊区,黑龙江省佳木斯市
230822,黑龙江省桦南县,黑龙江省桦南县
230826,黑龙江省桦川县,黑龙江省桦川县
230828,黑龙江省汤原县,黑龙江省汤原县
230833,黑龙江省抚远县,黑龙江省抚远县
230881,黑龙江省同江市,黑龙江省同江市
230882,黑龙江省富锦市,黑龙江省富锦市
230900,黑龙江省七台河市,黑龙江省七台河市
230901,黑龙江省七台河市市辖区,黑龙江省七台河市
230902,黑龙江省七台河市新兴区,黑龙江省七台河市
230903,黑龙江省七台河市桃山区,黑龙江省七台河市
230904,黑龙江省七台河市茄子河区,黑龙江省七台河市
230921,黑龙江省勃利县,黑龙江省勃利县
231000,黑龙江省牡丹江市,黑龙江省牡丹江市
231001,黑龙江省牡丹江市市辖区,黑龙江省牡丹江市
231002,黑龙江省牡丹江市东安区,黑龙江省牡丹江市
231003,黑龙江省牡丹江市阳明区,黑龙江省牡丹江市
231004,黑龙江省牡丹江市爱民区,黑龙江省牡丹江市
231005,黑龙江省牡丹江市西安区,黑龙江省牡丹江市
231024,黑龙江省东宁县,黑龙江省东宁县
231025,黑龙江省林口县,黑龙江省林口县
231081,黑龙江省绥芬河市,黑龙江省绥芬河市
231083,黑龙江省海林市,黑龙江省海林市
231084,黑龙江省宁安市,黑龙江省宁安市
231085,黑龙江省穆棱市,黑龙江省穆棱市
231100,黑龙江省黑河市,黑龙江省黑河市
231101,黑龙江省黑河市市辖区,黑龙江省黑河市
231102,黑龙江省黑河市爱辉区,黑龙江省黑河市
231121,黑龙江省嫩江县,黑龙江省嫩江县
231123,黑龙江省逊克县,黑龙江省逊克县
231124,黑龙江省孙吴县,黑龙江省孙吴县
231181,黑龙江省北安市,黑龙江省北安市
231182,黑龙江省五大连池市,黑龙江省五大连池市
231200,黑龙江省绥化市,黑龙江省绥化市
231201,黑龙江省绥化市市辖区,黑龙江省绥化市
231202,黑龙江省绥化市北林区,黑龙江省绥化市
231221,黑龙江省望奎县,黑龙江省望奎县
231222,黑龙江省兰西县,黑龙江省兰西县
231223,黑龙江省青冈县,黑龙江省青冈县
231224,黑龙江省庆安县,黑龙江省庆安县
231225,黑龙江省明水县,黑龙江省明水县
231226,黑龙江省绥棱县,黑龙江省绥棱县
231281,黑龙江省安达市,黑龙江省安达市
231282,黑龙江省肇东市,黑龙江省肇东市
231283,黑龙江省海伦市,黑龙江省海伦市
232700,黑龙江省大兴安岭地区,黑龙江省大兴安岭地区
232701,黑龙江省大兴安岭地区加格达奇区,黑龙江省大兴安岭地区
232702,黑龙江省大兴安岭地区松岭区,黑龙江省大兴安岭地区
232703,黑龙江省大兴安岭地区新林区,黑龙江省大兴安岭地区
232704,黑龙江省大兴安岭地区呼中区,黑龙江省大兴安岭地区
232721,黑龙江省大兴安岭地区呼玛县,黑龙江省大兴安岭地区
232722,黑龙江省大兴安岭地区塔河县,黑龙江省大兴安岭地区
232723,黑龙江省大兴安岭地区漠河县,黑龙江省大兴安岭地区
310000,上海市,上海市
310100,上海市市辖区,上海市
310101,上海市黄浦区,上海市
310103,上海市卢湾区,上海市
310104,上海市徐汇区,上海市
310105,上海市长宁区,上海市
310106,上海市静安区,上海市
310107,上海市普陀区,上海市
310108,上海市闸北区,上海市
310109,上海市虹口区,上海市
310110,上海市杨浦区,上海市
310112,上海市闵行区,上海市
310113,上海市宝山区,上海市
310114,上海市嘉定区,上海市
310115,上海市浦东新区,上海市
310116,上海市金山区,上海市
310117,上海市松江区,上海市
310118,上海市青浦区,上海市
310119,上海市南汇区,上海市
310120,上海市奉贤区,上海市
310200,上海市县,上海市县
310230,上海市崇明县,上海市崇明县
320000,江苏省,江苏省
320100,江苏省南京市,江苏省南京市
320101,江苏省南京市市辖区,江苏省南京市
320102,江苏省南京市玄武区,江苏省南京市
320103,江苏省南京市白下区,江苏省南京市
320104,江苏省南京市秦淮区,江苏省南京市
320105,江苏省南京市建邺区,江苏省南京市
320106,江苏省南京市鼓楼区,江苏省南京市
320107,江苏省南京市下关区,江苏省南京市
320111,江苏省南京市浦口区,江苏省南京市
320113,江苏省南京市栖霞区,江苏省南京市
320114,江苏省南京市雨花台区,江苏省南京市
320115,江苏省南京市江宁区,江苏省南京市
320116,江苏省南京市六合区,江苏省南京市
320124,江苏省溧水县,江苏省溧水县
320125,江苏省高淳县,江苏省高淳县
320200,江苏省无锡市,江苏省无锡市
320201,江苏省无锡市市辖区,江苏省无锡市
320202,江苏省无锡市崇安区,江苏省无锡市
320203,江苏省无锡市南长区,江苏省无锡市
320204,江苏省无锡市北塘区,江苏省无锡市
320205,江苏省无锡市锡山区,江苏省无锡市
320206,江苏省无锡市惠山区,江苏省无锡市
320211,江苏省无锡市滨湖区,江苏省无锡市
320281,江苏省江阴市,江苏省江阴市
320282,江苏省宜兴市,江苏省宜兴市
320300,江苏省徐州市,江苏省徐州市
320301,江苏省徐州市市辖区,江苏省徐州市
320302,江苏省徐州市鼓楼区,江苏省徐州市
320303,江苏省徐州市云龙区,江苏省徐州市
320304,江苏省徐州市九里区,江苏省徐州市
320305,江苏省徐州市贾汪区,江苏省徐州市
320311,江苏省徐州市泉山区,江苏省徐州市
320321,江苏省丰县,江苏省丰县
320322,江苏省沛县,江苏省沛县
320323,江苏省铜山县,江苏省铜山县
320324,江苏省睢宁县,江苏省睢宁县
320381,江苏省新沂市,江苏省新沂市
320382,江苏省邳州市,江苏省邳州市
320400,江苏省常州市,江苏省常州市
320401,江苏省常州市市辖区,江苏省常州市
320402,江苏省常州市天宁区,江苏省常州市
320404,江苏省常州市钟楼区,江苏省常州市
320405,江苏省常州市戚墅堰区,江苏省常州市
320411,江苏省常州市新北区,江苏省常州市
320412,江苏省常州市武进区,江苏省常州市
320481,江苏省溧阳市,江苏省溧阳市
320482,江苏省金坛市,江苏省金坛市
320500,江苏省苏州市,江苏省苏州市
320501,江苏省苏州市市辖区,江苏省苏州市
320502,江苏省苏州市沧浪区,江苏省苏州市
320503,江苏省苏州市平江区,江苏省苏州市
320504,江苏省苏州市金阊区,江苏省苏州市
320505,江苏省苏州市虎丘区,江苏省苏州市
320506,江苏省苏州市吴中区,江苏省苏州市
320507,江苏省苏州市相城区,江苏省苏州市
320581,江苏省常熟市,江苏省常熟市
320582,江苏省张家港市,江苏省张家港市
320583,江苏省昆山市,江苏省昆山市
320584,江苏省吴江市,江苏省吴江市
320585,江苏省太仓市,江苏省太仓市
320600,江苏省南通市,江苏省南通市
320601,江苏省南通市市辖区,江苏省南通市
320602,江苏省南通市崇川区,江苏省南通市
320611,江苏省南通市港闸区,江苏省南通市
320621,江苏省海安县,江苏省海安县
320623,江苏省如东县,江苏省如东县
320681,江苏省启东市,江苏省启东市
320682,江苏省如皋市,江苏省如皋市
320683,江苏省通州市,江苏省通州市
320684,江苏省海门市,江苏省海门市
320700,江苏省连云港市,江苏省连云港市
320701,江苏省连云港市市辖区,江苏省连云港市
320703,江苏省连云港市连云区,江苏省连云港市
320705,江苏省连云港市新浦区,江苏省连云港市
320706,江苏省连云港市海州区,江苏省连云港市
320721,江苏省赣榆县,江苏省赣榆县
320722,江苏省东海县,江苏省东海县
320723,江苏省灌云县,江苏省灌云县
320724,江苏省灌南县,江苏省灌南县
320800,江苏省淮安市,江苏省淮安市
320801,江苏省淮安市市辖区,江苏省淮安市
320802,江苏省淮安市清河区,江苏省淮安市
320803,江苏省淮安市楚州区,江苏省淮安市
320804,江苏省淮安市淮阴区,江苏省淮安市
320811,江苏省淮安市清浦区,江苏省淮安市
320826,江苏省涟水县,江苏省涟水县
320829,江苏省洪泽县,江苏省洪泽县
320830,江苏省盱眙县,江苏省盱眙县
320831,江苏省金湖县,江苏省金湖县
320900,江苏省盐城市,江苏省盐城市
320901,江苏省盐城市市辖区,江苏省盐城市
320902,江苏省盐城市亭湖区,江苏省盐城市
320903,江苏省盐城市盐都区,江苏省盐城市
320921,江苏省响水县,江苏省响水县
320922,江苏省滨海县,江苏省滨海县
320923,江苏省阜宁县,江苏省阜宁县
320924,江苏省射阳县,江苏省射阳县
320925,江苏省建湖县,江苏省建湖县
320981,江苏省东台市,江苏省东台市
320982,江苏省大丰市,江苏省大丰市
321000,江苏省扬州市,江苏省扬州市
321001,江苏省扬州市市辖区,江苏省扬州市
321002,江苏省扬州市广陵区,江苏省扬州市
321003,江苏省扬州市邗江区,江苏省扬州市
321011,江苏省扬州市维扬区,江苏省扬州市
321023,江苏省宝应县,江苏省宝应县
321081,江苏省仪征市,江苏省仪征市
321084,江苏省高邮市,江苏省高邮市
321088,江苏省江都市,江苏省江都市
321100,江苏省镇江市,江苏省镇江市
321101,江苏省镇江市市辖区,江苏省镇江市
321102,江苏省镇江市京口区,江苏省镇江市
321111,江苏省镇江市润州区,江苏省镇江市
321112,江苏省镇江市丹徒区,江苏省镇江市
321181,江苏省丹阳市,江苏省丹阳市
321182,江苏省扬中市,江苏省扬中市
321183,江苏省句容市,江苏省句容市
321200,江苏省泰州市,江苏省泰州市
321201,江苏省泰州市市辖区,江苏省泰州市
321202,江苏省泰州市海陵区,江苏省泰州市
321203,江苏省泰州市高港区,江苏省泰州市
321281,江苏省兴化市,江苏省兴化市
321282,江苏省靖江市,江苏省靖江市
321283,江苏省泰兴市,江苏省泰兴市
321284,江苏省姜堰市,江苏省姜堰市
321300,江苏省宿迁市,江苏省宿迁市
321301,江苏省宿迁市市辖区,江苏省宿迁市
321302,江苏省宿迁市宿城区,江苏省宿迁市
321311,江苏省宿迁市宿豫区,江苏省宿迁市
321322,江苏省沭阳县,江苏省沭阳县
321323,江苏省泗阳县,江苏省泗阳县
321324,江苏省泗洪县,江苏省泗洪县
330000,浙江省,浙江省
330100,浙江省杭州市,浙江省杭州市
330101,浙江省杭州市市辖区,浙江省杭州市
330102,浙江省杭州市上城区,浙江省杭州市
330103,浙江省杭州市下城区,浙江省杭州市
330104,浙江省杭州市江干区,浙江省杭州市
330105,浙江省杭州市拱墅区,浙江省杭州市
330106,浙江省杭州市西湖区,浙江省杭州市
330108,浙江省杭州市滨江区,浙江省杭州市
330109,浙江省杭州市萧山区,浙江省杭州市
330110,浙江省杭州市余杭区,浙江省杭州市
330122,浙江省桐庐县,浙江省桐庐县
330127,浙江省淳安县,浙江省淳安县
330182,浙江省建德市,浙江省建德市
330183,浙江省富阳市,浙江省富阳市
330185,浙江省临安市,浙江省临安市
330200,浙江省宁波市,浙江省宁波市
330201,浙江省宁波市市辖区,浙江省宁波市
330203,浙江省宁波市海曙区,浙江省宁波市
330204,浙江省宁波市江东区,浙江省宁波市
330205,浙江省宁波市江北区,浙江省宁波市
330206,浙江省宁波市北仑区,浙江省宁波市
330211,浙江省宁波市镇海区,浙江省宁波市
330212,浙江省宁波市鄞州区,浙江省宁波市
330225,浙江省象山县,浙江省象山县
330226,浙江省宁海县,浙江省宁海县
330281,浙江省余姚市,浙江省余姚市
330282,浙江省慈溪市,浙江省慈溪市
330283,浙江省奉化市,浙江省奉化市
330300,浙江省温州市,浙江省温州市
330301,浙江省温州市市辖区,浙江省温州市
330302,浙江省温州市鹿城区,浙江省温州市
330303,浙江省温州市龙湾区,浙江省温州市
330304,浙江省温州市瓯海区,浙江省温州市
330322,浙江省洞头县,浙江省洞头县
330324,浙江省永嘉县,浙江省永嘉县
330326,浙江省平阳县,浙江省平阳县
330327,浙江省苍南县,浙江省苍南县
330328,浙江省文成县,浙江省文成县
330329,浙江省泰顺县,浙江省泰顺县
330381,浙江省瑞安市,浙江省瑞安市
330382,浙江省乐清市,浙江省乐清市
330400,浙江省嘉兴市,浙江省嘉兴市
330401,浙江省嘉兴市市辖区,浙江省嘉兴市
330402,浙江省嘉兴市南湖区,浙江省嘉兴市
330411,浙江省嘉兴市秀洲区,浙江省嘉兴市
330421,浙江省嘉善县,浙江省嘉善县
330424,浙江省海盐县,浙江省海盐县
330481,浙江省海宁市,浙江省海宁市
330482,浙江省平湖市,浙江省平湖市
330483,浙江省桐乡市,浙江省桐乡市
330500,浙江省湖州市,浙江省湖州市
330501,浙江省湖州市市辖区,浙江省湖州市
330502,浙江省湖州市吴兴区,浙江省湖州市
330503,浙江省湖州市南浔区,浙江省湖州市
330521,浙江省德清县,浙江省德清县
330522,浙江省长兴县,浙江省长兴县
330523,浙江省安吉县,浙江省安吉县
330600,浙江省绍兴市,浙江省绍兴市
330601,浙江省绍兴市市辖区,浙江省绍兴市
330602,浙江省绍兴市越城区,浙江省绍兴市
330621,浙江省绍兴县,浙江省绍兴县
330624,浙江省新昌县,浙江省新昌县
330681,浙江省诸暨市,浙江省诸暨市
330682,浙江省上虞市,浙江省上虞市
330683,浙江省嵊州市,浙江省嵊州市
330700,浙江省金华市,浙江省金华市
330701,浙江省金华市市辖区,浙江省金华市
330702,浙江省金华市婺城区,浙江省金华市
330703,浙江省金华市金东区,浙江省金华市
330723,浙江省武义县,浙江省武义县
330726,浙江省浦江县,浙江省浦江县
330727,浙江省磐安县,浙江省磐安县
330781,浙江省兰溪市,浙江省兰溪市
330782,浙江省义乌市,浙江省义乌市
330783,浙江省东阳市,浙江省东阳市
330784,浙江省永康市,浙江省永康市
330800,浙江省衢州市,浙江省衢州市
330801,浙江省衢州市市辖区,浙江省衢州市
330802,浙江省衢州市柯城区,浙江省衢州市
330803,浙江省衢州市衢江区,浙江省衢州市
330822,浙江省常山县,浙江省常山县
330824,浙江省开化县,浙江省开化县
330825,浙江省龙游县,浙江省龙游县
330881,浙江省江山市,浙江省江山市
330900,浙江省舟山市,浙江省舟山市
330901,浙江省舟山市市辖区,浙江省舟山市
330902,浙江省舟山市定海区,浙江省舟山市
330903,浙江省舟山市普陀区,浙江省舟山市
330921,浙江省岱山县,浙江省岱山县
330922,浙江省嵊泗县,浙江省嵊泗县
331000,浙江省台州市,浙江省台州市
331001,浙江省台州市市辖区,浙江省台州市
331002,浙江省台州市椒江区,浙江省台州市
331003,浙江省台州市黄岩区,浙江省台州市
331004,浙江省台州市路桥区,浙江省台州市
331021,浙江省玉环县,浙江省玉环县
331022,浙江省三门县,浙江省三门县
331023,浙江省天台县,浙江省天台县
331024,浙江省仙居县,浙江省仙居县
331081,浙江省温岭市,浙江省温岭市
331082,浙江省临海市,浙江省临海市
331100,浙江省丽水市,浙江省丽水市
331101,浙江省丽水市市辖区,浙江省丽水市
331102,浙江省丽水市莲都区,浙江省丽水市
331121,浙江省青田县,浙江省青田县
331122,浙江省缙云县,浙江省缙云县
331123,浙江省遂昌县,浙江省遂昌县
331124,浙江省松阳县,浙江省松阳县
331125,浙江省云和县,浙江省云和县
331126,浙江省庆元县,浙江省庆元县
331127,浙江省景宁畲族自治县,浙江省景宁畲族自治县
331181,浙江省龙泉市,浙江省龙泉市
340000,安徽省,安徽省
340100,安徽省合肥市,安徽省合肥市
340101,安徽省合肥市市辖区,安徽省合肥市
340102,安徽省合肥市瑶海区,安徽省合肥市
340103,安徽省合肥市庐阳区,安徽省合肥市
340104,安徽省合肥市蜀山区,安徽省合肥市
340111,安徽省合肥市包河区,安徽省合肥市
340121,安徽省长丰县,安徽省长丰县
340122,安徽省肥东县,安徽省肥东县
340123,安徽省肥西县,安徽省肥西县
340200,安徽省芜湖市,安徽省芜湖市
340201,安徽省芜湖市市辖区,安徽省芜湖市
340202,安徽省芜湖市镜湖区,安徽省芜湖市
340203,安徽省芜湖市弋江区,安徽省芜湖市
340207,安徽省芜湖市鸠江区,安徽省芜湖市
340208,安徽省芜湖市三山区,安徽省芜湖市
340221,安徽省芜湖县,安徽省芜湖县
340222,安徽省繁昌县,安徽省繁昌县
340223,安徽省南陵县,安徽省南陵县
340300,安徽省蚌埠市,安徽省蚌埠市
340301,安徽省蚌埠市市辖区,安徽省蚌埠市
340302,安徽省蚌埠市龙子湖区,安徽省蚌埠市
340303,安徽省蚌埠市蚌山区,安徽省蚌埠市
340304,安徽省蚌埠市禹会区,安徽省蚌埠市
340311,安徽省蚌埠市淮上区,安徽省蚌埠市
340321,安徽省怀远县,安徽省怀远县
340322,安徽省五河县,安徽省五河县
340323,安徽省固镇县,安徽省固镇县
340400,安徽省淮南市,安徽省淮南市
340401,安徽省淮南市市辖区,安徽省淮南市
340402,安徽省淮南市大通区,安徽省淮南市
340403,安徽省淮南市田家庵区,安徽省淮南市
340404,安徽省淮南市谢家集区,安徽省淮南市
340405,安徽省淮南市八公山区,安徽省淮南市
340406,安徽省淮南市潘集区,安徽省淮南市
340421,安徽省凤台县,安徽省凤台县
340500,安徽省马鞍山市,安徽省马鞍山市
340501,安徽省马鞍山市市辖区,安徽省马鞍山市
340502,安徽省马鞍山市金家庄区,安徽省马鞍山市
340503,安徽省马鞍山市花山区,安徽省马鞍山市
340504,安徽省马鞍山市雨山区,安徽省马鞍山市
340521,安徽省当涂县,安徽省当涂县
340600,安徽省淮北市,安徽省淮北市
340601,安徽省淮北市市辖区,安徽省淮北市
340602,安徽省淮北市杜集区,安徽省淮北市
340603,安徽省淮北市相山区,安徽省淮北市
340604,安徽省淮北市烈山区,安徽省淮北市
340621,安徽省濉溪县,安徽省濉溪县
340700,安徽省铜陵市,安徽省铜陵市
340701,安徽省铜陵市市辖区,安徽省铜陵市
340702,安徽省铜陵市铜官山区,安徽省铜陵市
340703,安徽省铜陵市狮子山区,安徽省铜陵市
340711,安徽省铜陵市郊区,安徽省铜陵市
340721,安徽省铜陵县,安徽省铜陵县
340800,安徽省安庆市,安徽省安庆市
340801,安徽省安庆市市辖区,安徽省安庆市
340802,安徽省安庆市迎江区,安徽省安庆市
340803,安徽省安庆市大观区,安徽省安庆市
340811,安徽省安庆市宜秀区,安徽省安庆市
340822,安徽省怀宁县,安徽省怀宁县
340823,安徽省枞阳县,安徽省枞阳县
340824,安徽省潜山县,安徽省潜山县
340825,安徽省太湖县,安徽省太湖县
340826,安徽省宿松县,安徽省宿松县
340827,安徽省望江县,安徽省望江县
340828,安徽省岳西县,安徽省岳西县
340881,安徽省桐城市,安徽省桐城市
341000,安徽省黄山市,安徽省黄山市
341001,安徽省黄山市市辖区,安徽省黄山市
341002,安徽省黄山市屯溪区,安徽省黄山市
341003,安徽省黄山市黄山区,安徽省黄山市
341004,安徽省黄山市徽州区,安徽省黄山市
341021,安徽省歙县,安徽省歙县
341022,安徽省休宁县,安徽省休宁县
341023,安徽省黟县,安徽省黟县
341024,安徽省祁门县,安徽省祁门县
341100,安徽省滁州市,安徽省滁州市
341101,安徽省滁州市市辖区,安徽省滁州市
341102,安徽省滁州市琅琊区,安徽省滁州市
341103,安徽省滁州市南谯区,安徽省滁州市
341122,安徽省来安县,安徽省来安县
341124,安徽省全椒县,安徽省全椒县
341125,安徽省定远县,安徽省定远县
341126,安徽省凤阳县,安徽省凤阳县
341181,安徽省天长市,安徽省天长市
341182,安徽省明光市,安徽省明光市
341200,安徽省阜阳市,安徽省阜阳市
341201,安徽省阜阳市市辖区,安徽省阜阳市
341202,安徽省阜阳市颍州区,安徽省阜阳市
341203,安徽省阜阳市颍东区,安徽省阜阳市
341204,安徽省阜阳市颍泉区,安徽省阜阳市
341221,安徽省临泉县,安徽省临泉县
341222,安徽省阜南县,安徽省阜南县
341226,安徽省颍上县,安徽省颍上县
341282,安徽省界首市,安徽省界首市
341300,安徽省宿州市,安徽省宿州市
341301,安徽省宿州市市辖区,安徽省宿州市
341302,安徽省宿州市埇桥区,安徽省宿州市
341321,安徽省砀山县,安徽省砀山县
341322,安徽省萧县,安徽省萧县
341323,安徽省灵璧县,安徽省灵璧县
341324,安徽省泗县,安徽省泗县
341400,安徽省巢湖市,安徽省巢湖市
341401,安徽省巢湖市市辖区,安徽省巢湖市
341402,安徽省巢湖市居巢区,安徽省巢湖市
341421,安徽省庐江县,安徽省庐江县
341422,安徽省无为县,安徽省无为县
341423,安徽省含山县,安徽省含山县
341424,安徽省和县,安徽省和县
341500,安徽省六安市,安徽省六安市
341501,安徽省六安市市辖区,安徽省六安市
341502,安徽省六安市金安区,安徽省六安市
341503,安徽省六安市裕安区,安徽省六安市
341521,安徽省寿县,安徽省寿县
341522,安徽省霍邱县,安徽省霍邱县
341523,安徽省舒城县,安徽省舒城县
341524,安徽省金寨县,安徽省金寨县
341525,安徽省霍山县,安徽省霍山县
341600,安徽省亳州市,安徽省亳州市
341601,安徽省亳州市市辖区,安徽省亳州市
341602,安徽省亳州市谯城区,安徽省亳州市
341621,安徽省涡阳县,安徽省涡阳县
341622,安徽省蒙城县,安徽省蒙城县
341623,安徽省利辛县,安徽省利辛县
341700,安徽省池州市,安徽省池州市
341701,安徽省池州市市辖区,安徽省池州市
341702,安徽省池州市贵池区,安徽省池州市
341721,安徽省东至县,安徽省东至县
341722,安徽省石台县,安徽省石台县
341723,安徽省青阳县,安徽省青阳县
341800,安徽省宣城市,安徽省宣城市
341801,安徽省宣城市市辖区,安徽省宣城市
341802,安徽省宣城市宣州区,安徽省宣城市
341821,安徽省郎溪县,安徽省郎溪县
341822,安徽省广德县,安徽省广德县
341823,安徽省泾县,安徽省泾县
341824,安徽省绩溪县,安徽省绩溪县
341825,安徽省旌德县,安徽省旌德县
341881,安徽省宁国市,安徽省宁国市
350000,福建省,福建省
350100,福建省福州市,福建省福州市
350101,福建省福州市市辖区,福建省福州市
350102,福建省福州市鼓楼区,福建省福州市
350103,福建省福州市台江区,福建省福州市
350104,福建省福州市仓山区,福建省福州市
350105,福建省福州市尾区,福建省福州市
350111,福建省福州市晋安区,福建省福州市
350121,福建省闽侯县,福建省闽侯县
350122,福建省连江县,福建省连江县
350123,福建省罗源县,福建省罗源县
350124,福建省闽清县,福建省闽清县
350125,福建省永泰县,福建省永泰县
350128,福建省平潭县,福建省平潭县
350181,福建省福清市,福建省福清市
350182,福建省长乐市,福建省长乐市
350200,福建省厦门市,福建省厦门市
350201,福建省厦门市市辖区,福建省厦门市
350203,福建省厦门市思明区,福建省厦门市
350205,福建省厦门市海沧区,福建省厦门市
350206,福建省厦门市湖里区,福建省厦门市
350211,福建省厦门市集美区,福建省厦门市
350212,福建省厦门市同安区,福建省厦门市
350213,福建省厦门市翔安区,福建省厦门市
350300,福建省莆田市,福建省莆田市
350301,福建省莆田市市辖区,福建省莆田市
350302,福建省莆田市城厢区,福建省莆田市
350303,福建省莆田市涵江区,福建省莆田市
350304,福建省莆田市荔城区,福建省莆田市
350305,福建省莆田市秀屿区,福建省莆田市
350322,福建省仙游县,福建省仙游县
350400,福建省三明市,福建省三明市
350401,福建省三明市市辖区,福建省三明市
350402,福建省三明市梅列区,福建省三明市
350403,福建省三明市三元区,福建省三明市
350421,福建省明溪县,福建省明溪县
350423,福建省清流县,福建省清流县
350424,福建省宁化县,福建省宁化县
350425,福建省大田县,福建省大田县
350426,福建省尤溪县,福建省尤溪县
350427,福建省沙县,福建省沙县
350428,福建省将乐县,福建省将乐县
350429,福建省泰宁县,福建省泰宁县
350430,福建省建宁县,福建省建宁县
350481,福建省永安市,福建省永安市
350500,福建省泉州市,福建省泉州市
350501,福建省泉州市市辖区,福建省泉州市
350502,福建省泉州市鲤城区,福建省泉州市
350503,福建省泉州市丰泽区,福建省泉州市
350504,福建省泉州市洛江区,福建省泉州市
350505,福建省泉州市泉港区,福建省泉州市
350521,福建省惠安县,福建省惠安县
350524,福建省安溪县,福建省安溪县
350525,福建省永春县,福建省永春县
350526,福建省德化县,福建省德化县
350527,福建省金门县,福建省金门县
350581,福建省石狮市,福建省石狮市
350582,福建省晋江市,福建省晋江市
350583,福建省南安市,福建省南安市
350600,福建省漳州市,福建省漳州市
350601,福建省漳州市市辖区,福建省漳州市
350602,福建省漳州市芗城区,福建省漳州市
350603,福建省漳州市龙文区,福建省漳州市
350622,福建省云霄县,福建省云霄县
350623,福建省漳浦县,福建省漳浦县
350624,福建省诏安县,福建省诏安县
350625,福建省长泰县,福建省长泰县
350626,福建省东山县,福建省东山县
350627,福建省南靖县,福建省南靖县
350628,福建省平和县,福建省平和县
350629,福建省华安县,福建省华安县
350681,福建省海市,福建省海市
350700,福建省南平市,福建省南平市
350701,福建省南平市市辖区,福建省南平市
350702,福建省南平市延平区,福建省南平市
350721,福建省顺昌县,福建省顺昌县
350722,福建省浦城县,福建省浦城县
350723,福建省光泽县,福建省光泽县
350724,福建省松溪县,福建省松溪县
350725,福建省政和县,福建省政和县
350781,福建省邵武市,福建省邵武市
350782,福建省武夷山市,福建省武夷山市
350783,福建省建瓯市,福建省建瓯市
350784,福建省建阳市,福建省建阳市
350800,福建省龙岩市,福建省龙岩市
350801,福建省龙岩市市辖区,福建省龙岩市
350802,福建省龙岩市新罗区,福建省龙岩市
350821,福建省长汀县,福建省长汀县
350822,福建省永定县,福建省永定县
350823,福建省上杭县,福建省上杭县
350824,福建省武平县,福建省武平县
350825,福建省连城县,福建省连城县
350881,福建省漳平市,福建省漳平市
350900,福建省宁德市,福建省宁德市
350901,福建省宁德市市辖区,福建省宁德市
350902,福建省宁德市蕉城区,福建省宁德市
350921,福建省霞浦县,福建省霞浦县
350922,福建省古田县,福建省古田县
350923,福建省屏南县,福建省屏南县
350924,福建省寿宁县,福建省寿宁县
350925,福建省宁县,福建省宁县
350926,福建省柘荣县,福建省柘荣县
350981,福安市,福安市
350982,福建省福鼎市,福建省福鼎市
360000,江西省,江西省
360100,江西省南昌市,江西省南昌市
360101,江西省南昌市市辖区,江西省南昌市
360102,江西省南昌市东湖区,江西省南昌市
360103,江西省南昌市西湖区,江西省南昌市
360104,江西省南昌市青云谱区,江西省南昌市
360105,江西省南昌市湾里区,江西省南昌市
360111,江西省南昌市青山湖区,江西省南昌市
360121,江西省南昌县,江西省南昌县
360122,江西省新建县,江西省新建县
360123,江西省安义县,江西省安义县
360124,江西省进贤县,江西省进贤县
360200,江西省景德镇市,江西省景德镇市
360201,江西省景德镇市市辖区,江西省景德镇市
360202,江西省景德镇市昌江区,江西省景德镇市
360203,江西省景德镇市珠山区,江西省景德镇市
360222,江西省浮梁县,江西省浮梁县
360281,江西省乐平市,江西省乐平市
360300,江西省萍乡市,江西省萍乡市
360301,江西省萍乡市市辖区,江西省萍乡市
360302,江西省萍乡市安源区,江西省萍乡市
360313,江西省萍乡市湘东区,江西省萍乡市
360321,江西省莲花县,江西省莲花县
360322,江西省上栗县,江西省上栗县
360323,江西省芦溪县,江西省芦溪县
360400,江西省九江市,江西省九江市
360401,江西省九江市市辖区,江西省九江市
360402,江西省九江市庐山区,江西省九江市
360403,江西省九江市浔阳区,江西省九江市
360421,江西省九江县,江西省九江县
360423,江西省武宁县,江西省武宁县
360424,江西省修水县,江西省修水县
360425,江西省永修县,江西省永修县
360426,江西省德安县,江西省德安县
360427,江西省星子县,江西省星子县
360428,江西省都昌县,江西省都昌县
360429,江西省湖口县,江西省湖口县
360430,江西省彭泽县,江西省彭泽县
360481,江西省瑞昌市,江西省瑞昌市
360500,江西省新余市,江西省新余市
360501,江西省新余市市辖区,江西省新余市
360502,江西省新余市渝水区,江西省新余市
360521,江西省分宜县,江西省分宜县
360600,江西省鹰潭市,江西省鹰潭市
360601,江西省鹰潭市市辖区,江西省鹰潭市
360602,江西省鹰潭市月湖区,江西省鹰潭市
360622,江西省余江县,江西省余江县
360681,江西省贵溪市,江西省贵溪市
360700,江西省赣州市,江西省赣州市
360701,江西省赣州市市辖区,江西省赣州市
360702,江西省赣州市章贡区,江西省赣州市
360721,江西省赣县,江西省赣县
360722,江西省信丰县,江西省信丰县
360723,江西省大余县,江西省大余县
360724,江西省上犹县,江西省上犹县
360725,江西省崇义县,江西省崇义县
360726,江西省安远县,江西省安远县
360727,江西省龙南县,江西省龙南县
360728,江西省定南县,江西省定南县
360729,江西省全南县,江西省全南县
360730,江西省宁都县,江西省宁都县
360731,江西省于都县,江西省于都县
360732,江西省兴国县,江西省兴国县
360733,江西省会昌县,江西省会昌县
360734,江西省寻乌县,江西省寻乌县
360735,江西省石城县,江西省石城县
360781,江西省瑞金市,江西省瑞金市
360782,江西省南康市,江西省南康市
360800,江西省吉安市,江西省吉安市
360801,江西省吉安市市辖区,江西省吉安市
360802,江西省吉安市吉州区,江西省吉安市
360803,江西省吉安市青原区,江西省吉安市
360821,江西省吉安县,江西省吉安县
360822,江西省吉水县,江西省吉水县
360823,江西省峡江县,江西省峡江县
360824,江西省新干县,江西省新干县
360825,江西省永丰县,江西省永丰县
360826,江西省泰和县,江西省泰和县
360827,江西省遂川县,江西省遂川县
360828,江西省万安县,江西省万安县
360829,江西省安福县,江西省安福县
360830,江西省永新县,江西省永新县
360881,江西省井冈山市,江西省井冈山市
360900,江西省宜春市,江西省宜春市
360901,江西省宜春市辖区,江西省宜春市
360902,江西省宜春袁州区,江西省宜春袁州区
360921,江西省奉新县,江西省奉新县
360922,江西省万载县,江西省万载县
360923,江西省上高县,江西省上高县
360924,江西省宜丰县,江西省宜丰县
360925,江西省靖安县,江西省靖安县
360926,江西省铜鼓县,江西省铜鼓县
360981,江西省丰城市,江西省丰城市
360982,江西省樟树市,江西省樟树市
360983,江西省高安市,江西省高安市
361000,江西省抚州市,江西省抚州市
361001,江西省抚州市市辖区,江西省抚州市
361002,江西省抚州市临川区,江西省抚州市
361021,江西省南城县,江西省南城县
361022,江西省黎川县,江西省黎川县
361023,江西省南丰县,江西省南丰县
361024,江西省崇仁县,江西省崇仁县
361025,江西省乐安县,江西省乐安县
361026,江西省宜黄县,江西省宜黄县
361027,江西省金溪县,江西省金溪县
361028,江西省资溪县,江西省资溪县
361029,江西省东乡县,江西省东乡县
361030,江西省昌县,江西省昌县
361100,江西省上饶市,江西省上饶市
361101,江西省上饶市市辖区,江西省上饶市
361102,江西省上饶市信州区,江西省上饶市
361121,江西省上饶县,江西省上饶县
361122,江西省广丰县,江西省广丰县
361123,江西省玉山县,江西省玉山县
361124,江西省铅山县,江西省铅山县
361125,江西省横峰县,江西省横峰县
361126,江西省弋阳县,江西省弋阳县
361127,江西省余干县,江西省余干县
361128,江西省鄱阳县,江西省鄱阳县
361129,江西省万年县,江西省万年县
361130,江西省婺源县,江西省婺源县
361181,江西省德兴市,江西省德兴市
370000,山东省,山东省
370100,山东省济南市,山东省济南市
370101,山东省济南市辖区,山东省济南市
370102,山东省济南市历下区,山东省济南市
370103,山东省济南市市中区,山东省济南市
370104,山东省济南市槐荫区,山东省济南市
370105,山东省济南市天桥区,山东省济南市
370112,山东省济南市历城区,山东省济南市
370113,山东省济南市长清区,山东省济南市
370124,山东省平阴县,山东省平阴县
370125,山东省济阳县,山东省济阳县
370126,山东省商河县,山东省商河县
370181,山东省章丘市,山东省章丘市
370200,山东省青岛市,山东省青岛市
370201,山东省青岛市市辖区,山东省青岛市
370202,山东省青岛市市南区,山东省青岛市
370203,山东省青岛市市北区,山东省青岛市
370205,山东省青岛市四方区,山东省青岛市
370211,山东省青岛市黄岛区,山东省青岛市
370212,山东省青岛市崂山区,山东省青岛市
370213,山东省青岛市李沧区,山东省青岛市
370214,山东省青岛市城阳区,山东省青岛市
370281,山东省胶州市,山东省胶州市
370282,山东省即墨市,山东省即墨市
370283,山东省平度市,山东省平度市
370284,山东省胶南市,山东省胶南市
370285,山东省莱西市,山东省莱西市
370300,山东省淄博市,山东省淄博市
370301,山东省淄博市市辖区,山东省淄博市
370302,山东省淄博市淄川区,山东省淄博市
370303,山东省淄博市张店区,山东省淄博市
370304,山东省淄博市博山区,山东省淄博市
370305,山东省淄博市临淄区,山东省淄博市
370306,山东省淄博市周村区,山东省淄博市
370321,山东省桓台县,山东省桓台县
370322,山东省高青县,山东省高青县
370323,山东省沂源县,山东省沂源县
370400,山东省枣庄市,山东省枣庄市
370401,山东省枣庄市市辖区,山东省枣庄市
370402,山东省枣庄市市中区,山东省枣庄市
370403,山东省枣庄市薛城区,山东省枣庄市
370404,山东省枣庄市城区,山东省枣庄市
370405,山东省枣庄市台儿庄区,山东省枣庄市
370406,山东省枣庄市山亭区,山东省枣庄市
370481,山东省滕州市,山东省滕州市
370500,山东省东营市,山东省东营市
370501,山东省东营市市辖区,山东省东营市
370502,山东省东营市东营区,山东省东营市
370503,山东省东营市河口区,山东省东营市
370521,山东省垦利县,山东省垦利县
370522,山东省利津县,山东省利津县
370523,山东省广饶县,山东省广饶县
370600,山东省烟台市,山东省烟台市
370601,山东省烟台市市辖区,山东省烟台市
370602,山东省烟台市芝罘区,山东省烟台市
370611,山东省烟台市福山区,山东省烟台市
370612,山东省烟台市牟平区,山东省烟台市
370613,山东省烟台市莱山区,山东省烟台市
370634,山东省长岛县,山东省长岛县
370681,山东省龙口市,山东省龙口市
370682,山东省莱阳市,山东省莱阳市
370683,山东省莱州市,山东省莱州市
370684,山东省蓬莱市,山东省蓬莱市
370685,山东省招远市,山东省招远市
370686,山东省栖霞市,山东省栖霞市
370687,山东省海阳市,山东省海阳市
370700,山东省潍坊市,山东省潍坊市
370701,山东省潍坊市市辖区,山东省潍坊市
370702,山东省潍坊市潍城区,山东省潍坊市
370703,山东省潍坊市寒亭区,山东省潍坊市
370704,山东省潍坊市坊子区,山东省潍坊市
370705,山东省潍坊市奎文区,山东省潍坊市
370724,山东省临朐县,山东省临朐县
370725,山东省昌乐县,山东省昌乐县
370781,山东省青州市,山东省青州市
370782,山东省诸城市,山东省诸城市
370783,山东省寿光市,山东省寿光市
370784,山东省安丘市,山东省安丘市
370785,山东省高密市,山东省高密市
370786,山东省昌邑市,山东省昌邑市
370800,山东省济宁市,山东省济宁市
370801,山东省济宁市市辖区,山东省济宁市
370802,山东省济宁市市中区,山东省济宁市
370811,山东省济宁市任城区,山东省济宁市
370826,山东省微山县,山东省微山县
370827,山东省鱼台县,山东省鱼台县
370828,山东省金乡县,山东省金乡县
370829,山东省嘉祥县,山东省嘉祥县
370830,山东省汶上县,山东省汶上县
370831,山东省泗水县,山东省泗水县
370832,山东省梁山县,山东省梁山县
370881,山东省曲阜市,山东省曲阜市
370882,山东省兖州市,山东省兖州市
370883,山东省邹城市,山东省邹城市
370900,山东省泰安市,山东省泰安市
370901,山东省泰安市市辖区,山东省泰安市
370902,山东省泰安市泰山区,山东省泰安市
370911,山东省泰安市岱岳区,山东省泰安市
370921,山东省宁阳县,山东省宁阳县
370923,山东省东平县,山东省东平县
370982,山东省新泰市,山东省新泰市
370983,山东省肥城市,山东省肥城市
371000,山东省威海市,山东省威海市
371001,山东省泰安市市辖区,山东省泰安市
371002,山东省泰安市环翠区,山东省泰安市
371081,山东省文登市,山东省文登市
371082,山东省荣成市,山东省荣成市
371083,山东省乳山市,山东省乳山市
371100,山东省日照市,山东省日照市
371101,山东省日照市市辖区,山东省日照市
371102,山东省日照市东港区,山东省日照市
371103,山东省日照市岚山区,山东省日照市
371121,山东省五莲县,山东省五莲县
371122,山东省莒县,山东省莒县
371200,山东省莱芜市,山东省莱芜市
371201,山东省莱芜市市辖区,山东省莱芜市
371202,山东省莱芜市莱城区,山东省莱芜市
371203,山东省莱芜市钢城区,山东省莱芜市
371300,山东省临沂市,山东省临沂市
371301,山东省临沂市市辖区,山东省临沂市
371302,山东省临沂市兰山区,山东省临沂市
371311,山东省临沂市罗庄区,山东省临沂市
371312,山东省临沂市河东区,山东省临沂市
371321,山东省沂南县,山东省沂南县
371322,山东省郯城县,山东省郯城县
371323,山东省沂水县,山东省沂水县
371324,山东省苍山县,山东省苍山县
371325,山东省费县,山东省费县
371326,山东省平邑县,山东省平邑县
371327,山东省莒南县,山东省莒南县
371328,山东省蒙阴县,山东省蒙阴县
371329,山东省临沭县,山东省临沭县
371400,山东省德州市,山东省德州市
371401,山东省德州市市辖区,山东省德州市
371402,山东省德州市德城区,山东省德州市
371421,山东省陵县,山东省陵县
371422,山东省宁津县,山东省宁津县
371423,山东省庆云县,山东省庆云县
371424,山东省临邑县,山东省临邑县
371425,山东省齐河县,山东省齐河县
371426,山东省平原县,山东省平原县
371427,山东省夏津县,山东省夏津县
371428,山东省武城县,山东省武城县
371481,山东省乐陵市,山东省乐陵市
371482,山东省禹城市,山东省禹城市
371500,山东省聊城市,山东省聊城市
371501,山东省聊城市市辖区,山东省聊城市
371502,山东省聊城市东昌府区,山东省聊城市
371521,山东省阳谷县,山东省阳谷县
371522,山东省莘县,山东省莘县
371523,山东省茌平县,山东省茌平县
371524,山东省东阿县,山东省东阿县
371525,山东省冠县,山东省冠县
371526,山东省高唐县,山东省高唐县
371581,山东省临清市,山东省临清市
371600,山东省滨州市,山东省滨州市
371601,山东省滨州市市辖区,山东省滨州市
371602,山东省滨州市滨城区,山东省滨州市
371621,山东省惠民县,山东省惠民县
371622,山东省阳信县,山东省阳信县
371623,山东省无棣县,山东省无棣县
371624,山东省沾化县,山东省沾化县
371625,山东省博兴县,山东省博兴县
371626,山东省邹平县,山东省邹平县
371700,山东省菏泽市,山东省菏泽市
371701,山东省菏泽市市辖区,山东省菏泽市
371702,山东省菏泽市牡丹区,山东省菏泽市
371721,山东省曹县,山东省曹县
371722,山东省单县,山东省单县
371723,山东省成武县,山东省成武县
371724,山东省巨野县,山东省巨野县
371725,山东省郓城县,山东省郓城县
371726,山东省鄄城县,山东省鄄城县
371727,山东省定陶县,山东省定陶县
371728,山东省东明县,山东省东明县
410000,河南省,河南省
410100,河南省郑州市,河南省郑州市
410101,河南省郑州市市辖区,河南省郑州市
410102,河南省郑州市中原区,河南省郑州市
410103,河南省郑州市二七区,河南省郑州市
410104,河南省郑州市管城回族区,河南省郑州市
410105,河南省郑州市金水区,河南省郑州市
410106,河南省郑州市上街区,河南省郑州市
410108,河南省郑州市惠济区,河南省郑州市
410122,河南省中牟县,河南省中牟县
410181,河南省巩义市,河南省巩义市
410182,河南省荥阳市,河南省荥阳市
410183,河南省新密市,河南省新密市
410184,河南省新郑市,河南省新郑市
410185,河南省登封市,河南省登封市
410200,河南省开封市,河南省开封市
410201,河南省开封市市辖区,河南省开封市
410202,河南省开封市龙亭区,河南省开封市
410203,河南省开封市顺河回族区,河南省开封市
410204,河南省开封市鼓楼区,河南省开封市
410205,河南省开封市禹王台区,河南省开封市
410211,河南省开封市金明区,河南省开封市
410221,河南省杞县,河南省杞县
410222,河南省通许县,河南省通许县
410223,河南省尉氏县,河南省尉氏县
410224,河南省开封县,河南省开封县
410225,河南省兰考县,河南省兰考县
410300,河南省洛阳市,河南省洛阳市
410301,河南省洛阳市市辖区,河南省洛阳市
410302,河南省洛阳市老城区,河南省洛阳市
410303,河南省洛阳市西工区,河南省洛阳市
410304,河南省洛阳市瀍河回族区,河南省洛阳市
410305,河南省洛阳市涧西区,河南省洛阳市
410306,河南省洛阳市吉利区,河南省洛阳市
410311,河南省洛阳市洛龙区,河南省洛阳市
410322,河南省孟津县,河南省孟津县
410323,河南省新安县,河南省新安县
410324,河南省栾川县,河南省栾川县
410325,河南省嵩县,河南省嵩县
410326,河南省汝阳县,河南省汝阳县
410327,河南省宜阳县,河南省宜阳县
410328,河南省洛宁县,河南省洛宁县
410329,河南省伊川县,河南省伊川县
410381,河南省偃师市,河南省偃师市
410400,河南省平顶山市,河南省平顶山市
410401,河南省平顶山市市辖区,河南省平顶山市
410402,河南省平顶山市新华区,河南省平顶山市
410403,河南省平顶山市卫东区,河南省平顶山市
410404,河南省平顶山市石龙区,河南省平顶山市
410411,河南省平顶山市湛河区,河南省平顶山市
410421,河南省宝丰县,河南省宝丰县
410422,河南省叶县,河南省叶县
410423,河南省鲁山县,河南省鲁山县
410425,河南省郏县,河南省郏县
410481,河南省舞钢市,河南省舞钢市
410482,河南省汝州市,河南省汝州市
410500,河南省安阳市,河南省安阳市
410501,河南省安阳市市辖区,河南省安阳市
410502,河南省安阳市文峰区,河南省安阳市
410503,河南省安阳市北关区,河南省安阳市
410505,河南省安阳市殷都区,河南省安阳市
410506,河南省安阳市龙安区,河南省安阳市
410522,河南省安阳县,河南省安阳县
410523,河南省汤阴县,河南省汤阴县
410526,河南省滑县,河南省滑县
410527,河南省内黄县,河南省内黄县
410581,河南省林州市,河南省林州市
410600,河南省鹤壁市,河南省鹤壁市
410601,河南省鹤壁市市辖区,河南省鹤壁市
410602,河南省鹤壁市鹤山区,河南省鹤壁市
410603,河南省鹤壁市山城区,河南省鹤壁市
410611,河南省鹤壁市淇滨区,河南省鹤壁市
410621,河南省浚县,河南省浚县
410622,河南省淇县,河南省淇县
410700,河南省新乡市,河南省新乡市
410701,河南省新乡市市辖区,河南省新乡市
410702,河南省新乡市红旗区,河南省新乡市
410703,河南省新乡市卫滨区,河南省新乡市
410704,河南省新乡市凤泉区,河南省新乡市
410711,河南省新乡市牧野区,河南省新乡市
410721,河南省新乡县,河南省新乡县
410724,河南省获嘉县,河南省获嘉县
410725,河南省原阳县,河南省原阳县
410726,河南省延津县,河南省延津县
410727,河南省封丘县,河南省封丘县
410728,河南省长垣县,河南省长垣县
410781,河南省卫辉市,河南省卫辉市
410782,河南省辉县市,河南省辉县市
410800,河南省焦作市,河南省焦作市
410801,河南省焦作市市辖区,河南省焦作市
410802,河南省焦作市解放区,河南省焦作市
410803,河南省焦作市中站区,河南省焦作市
410804,河南省焦作市马村区,河南省焦作市
410811,河南省焦作市山阳区,河南省焦作市
410821,河南省修武县,河南省修武县
410822,河南省博爱县,河南省博爱县
410823,河南省武陟县,河南省武陟县
410825,河南省温县,河南省温县
410881,河南省济源市,河南省济源市
410882,河南省沁阳市,河南省沁阳市
410883,河南省孟州市,河南省孟州市
410900,河南省濮阳市,河南省濮阳市
410901,河南省濮阳市市辖区,河南省濮阳市
410902,河南省濮阳市华龙区,河南省濮阳市
410922,河南省清丰县,河南省清丰县
410923,河南省南乐县,河南省南乐县
410926,河南省范县,河南省范县
410927,河南省台前县,河南省台前县
410928,河南省濮阳县,河南省濮阳县
411000,河南省许昌市,河南省许昌市
411001,河南省许昌市市辖区,河南省许昌市
411002,河南省许昌市魏都区,河南省许昌市
411023,河南省许昌县,河南省许昌县
411024,河南省鄢陵县,河南省鄢陵县
411025,河南省襄城县,河南省襄城县
411081,河南省禹州市,河南省禹州市
411082,河南省长葛市,河南省长葛市
411100,河南省漯河市,河南省漯河市
411101,河南省漯河市市辖区,河南省漯河市
411102,河南省漯河市源汇区,河南省漯河市
411103,河南省漯河市郾城区,河南省漯河市
411104,河南省漯河市召陵区,河南省漯河市
411121,河南省舞阳县,河南省舞阳县
411122,河南省临颍县,河南省临颍县
411200,河南省三门峡市,河南省三门峡市
411201,河南省三门峡市市辖区,河南省三门峡市
411202,河南省三门峡市湖滨区,河南省三门峡市
411221,河南省渑池县,河南省渑池县
411222,河南省陕县,河南省陕县
411224,河南省卢氏县,河南省卢氏县
411281,河南省义马市,河南省义马市
411282,河南省灵宝市,河南省灵宝市
411300,河南省南阳市,河南省南阳市
411301,河南省南阳市市辖区,河南省南阳市
411302,河南省南阳市宛城区,河南省南阳市
411303,河南省南阳市卧龙区,河南省南阳市
411321,河南省南召县,河南省南召县
411322,河南省方城县,河南省方城县
411323,河南省西峡县,河南省西峡县
411324,河南省镇平县,河南省镇平县
411325,河南省内乡县,河南省内乡县
411326,河南省淅川县,河南省淅川县
411327,河南省社旗县,河南省社旗县
411328,河南省唐河县,河南省唐河县
411329,河南省新野县,河南省新野县
411330,河南省桐柏县,河南省桐柏县
411381,河南省邓州市,河南省邓州市
411400,河南省商丘市,河南省商丘市
411401,河南省商丘市市辖区,河南省商丘市
411402,河南省商丘市梁园区,河南省商丘市
411403,河南省商丘市睢阳区,河南省商丘市
411421,河南省民权县,河南省民权县
411422,河南省睢县,河南省睢县
411423,河南省宁陵县,河南省宁陵县
411424,河南省柘城县,河南省柘城县
411425,河南省虞城县,河南省虞城县
411426,河南省夏邑县,河南省夏邑县
411481,河南省永城市,河南省永城市
411500,河南省信阳市,河南省信阳市
411501,河南省信阳市市辖区,河南省信阳市
411502,河南省信阳市浉河区,河南省信阳市
411503,河南省信阳市平桥区,河南省信阳市
411521,河南省罗山县,河南省罗山县
411522,河南省光山县,河南省光山县
411523,河南省新县,河南省新县
411524,河南省商城县,河南省商城县
411525,河南省固始县,河南省固始县
411526,河南省潢川县,河南省潢川县
411527,河南省淮滨县,河南省淮滨县
411528,河南省息县,河南省息县
411600,河南省周口市,河南省周口市
411601,河南省周口市市辖区,河南省周口市
411602,河南省周口市川汇区,河南省周口市
411621,河南省扶沟县,河南省扶沟县
411622,河南省西华县,河南省西华县
411623,河南省商水县,河南省商水县
411624,河南省沈丘县,河南省沈丘县
411625,河南省郸城县,河南省郸城县
411626,河南省淮阳县,河南省淮阳县
411627,河南省太康县,河南省太康县
411628,河南省鹿邑县,河南省鹿邑县
411681,河南省项城市,河南省项城市
411700,河南省驻马店市,河南省驻马店市
411701,河南省驻马店市市辖区,河南省驻马店市
411702,河南省驻马店市驿城区,河南省驻马店市
411721,河南省西平县,河南省西平县
411722,河南省上蔡县,河南省上蔡县
411723,河南省平舆县,河南省平舆县
411724,河南省正阳县,河南省正阳县
411725,河南省确山县,河南省确山县
411726,河南省泌阳县,河南省泌阳县
411727,河南省汝南县,河南省汝南县
411728,河南省遂平县,河南省遂平县
411729,河南省新蔡县,河南省新蔡县
420000,湖北省,湖北省
420100,湖北省武汉市,湖北省武汉市
420101,湖北省武汉市市辖区,湖北省武汉市
420102,湖北省武汉市江岸区,湖北省武汉市
420103,湖北省武汉市江汉区,湖北省武汉市
420104,湖北省武汉市硚口区,湖北省武汉市
420105,湖北省武汉市汉阳区,湖北省武汉市
420106,湖北省武汉市武昌区,湖北省武汉市
420107,湖北省武汉市青山区,湖北省武汉市
420111,湖北省武汉市洪山区,湖北省武汉市
420112,湖北省武汉市东西湖区,湖北省武汉市
420113,湖北省武汉市汉南区,湖北省武汉市
420114,湖北省武汉市蔡甸区,湖北省武汉市
420115,湖北省武汉市江夏区,湖北省武汉市
420116,湖北省武汉市黄陂区,湖北省武汉市
420117,湖北省武汉市新洲区,湖北省武汉市
420200,湖北省黄石市,湖北省黄石市
420201,湖北省黄石市市辖区,湖北省黄石市
420202,湖北省黄石市黄石港区,湖北省黄石市
420203,湖北省黄石市西塞山区,湖北省黄石市
420204,湖北省黄石市下陆区,湖北省黄石市
420205,湖北省黄石市铁山区,湖北省黄石市
420222,湖北省阳新县,湖北省阳新县
420281,湖北省大冶市,湖北省大冶市
420300,湖北省十堰市,湖北省十堰市
420301,湖北省十堰市市辖区,湖北省十堰市
420302,湖北省十堰市茅箭区,湖北省十堰市
420303,湖北省十堰市张湾区,湖北省十堰市
420321,湖北省郧县,湖北省郧县
420322,湖北省郧西县,湖北省郧西县
420323,湖北省竹山县,湖北省竹山县
420324,湖北省竹溪县,湖北省竹溪县
420325,湖北省房县,湖北省房县
420381,湖北省丹江口市,湖北省丹江口市
420500,湖北省宜昌市,湖北省宜昌市
420501,湖北省宜昌市市辖区,湖北省宜昌市
420502,湖北省宜昌市西陵区,湖北省宜昌市
420503,湖北省宜昌市伍家岗区,湖北省宜昌市
420504,湖北省宜昌市点军区,湖北省宜昌市
420505,湖北省宜昌市猇亭区,湖北省宜昌市
420506,湖北省宜昌市夷陵区,湖北省宜昌市
420525,湖北省远安县,湖北省远安县
420526,湖北省兴山县,湖北省兴山县
420527,湖北省秭归县,湖北省秭归县
420528,湖北省长阳土家族自治县,湖北省长阳土家族自治县
420529,湖北省五峰土家族自治县,湖北省五峰土家族自治县
420581,湖北省宜都市,湖北省宜都市
420582,湖北省当阳市,湖北省当阳市
420583,湖北省枝江市,湖北省枝江市
420600,湖北省襄樊市,湖北省襄樊市
420601,湖北省襄樊市市辖区,湖北省襄樊市
420602,湖北省襄樊市襄城区,湖北省襄樊市
420606,湖北省襄樊市樊城区,湖北省襄樊市
420607,湖北省襄樊市襄阳区,湖北省襄樊市
420624,湖北省南漳县,湖北省南漳县
420625,湖北省谷城县,湖北省谷城县
420626,湖北省保康县,湖北省保康县
420682,湖北省老河口市,湖北省老河口市
420683,湖北省枣阳市,湖北省枣阳市
420684,湖北省宜城市,湖北省宜城市
420700,湖北省鄂州市,湖北省鄂州市
420701,湖北省鄂州市市辖区,湖北省鄂州市
420702,湖北省鄂州市梁子湖区,湖北省鄂州市
420703,湖北省鄂州市华容区,湖北省鄂州市
420704,湖北省鄂州市鄂城区,湖北省鄂州市
420800,湖北省荆门市,湖北省荆门市
420801,湖北省荆门市市辖区,湖北省荆门市
420802,湖北省荆门市东宝区,湖北省荆门市
420804,湖北省荆门市掇刀区,湖北省荆门市
420821,湖北省京山县,湖北省京山县
420822,湖北省沙洋县,湖北省沙洋县
420881,湖北省钟祥市,湖北省钟祥市
420900,湖北省孝感市,湖北省孝感市
420901,湖北省孝感市市辖区,湖北省孝感市
420902,湖北省孝感市孝南区,湖北省孝感市
420921,湖北省孝昌县,湖北省孝昌县
420922,湖北省大悟县,湖北省大悟县
420923,湖北省云梦县,湖北省云梦县
420981,湖北省应城市,湖北省应城市
420982,湖北省安陆市,湖北省安陆市
420984,湖北省汉川市,湖北省汉川市
421000,湖北省荆州市,湖北省荆州市
421001,湖北省荆州市市辖区,湖北省荆州市
421002,湖北省荆州市沙市区,湖北省荆州市
421003,湖北省荆州市荆州区,湖北省荆州市
421022,湖北省公安县,湖北省公安县
421023,湖北省监利县,湖北省监利县
421024,湖北省江陵县,湖北省江陵县
421081,湖北省石首市,湖北省石首市
421083,湖北省洪湖市,湖北省洪湖市
421087,湖北省松滋市,湖北省松滋市
421100,湖北省黄冈市,湖北省黄冈市
421101,湖北省黄冈市市辖区,湖北省黄冈市
421102,湖北省黄冈市黄州区,湖北省黄冈市
421121,湖北省团风县,湖北省团风县
421122,湖北省红安县,湖北省红安县
421123,湖北省罗田县,湖北省罗田县
421124,湖北省英山县,湖北省英山县
421125,湖北省浠水县,湖北省浠水县
421126,湖北省蕲春县,湖北省蕲春县
421127,湖北省黄梅县,湖北省黄梅县
421181,湖北省麻城市,湖北省麻城市
421182,湖北省武穴市,湖北省武穴市
421200,湖北省咸宁市,湖北省咸宁市
421201,湖北省咸宁市市辖区,湖北省咸宁市
421202,湖北省咸宁市咸安区,湖北省咸宁市
421221,湖北省嘉鱼县,湖北省嘉鱼县
421222,湖北省通城县,湖北省通城县
421223,湖北省崇阳县,湖北省崇阳县
421224,湖北省通山县,湖北省通山县
421281,湖北省赤壁市,湖北省赤壁市
421300,湖北省随州市,湖北省随州市
421301,湖北省随州市市辖区,湖北省随州市
421302,湖北省随州市曾都区,湖北省随州市
421381,湖北省广水市,湖北省广水市
422800,湖北省恩施土家族苗族自治州,湖北省恩施土家族苗族自治州
422801,湖北省恩施市,湖北省恩施市
422802,湖北省利川市,湖北省利川市
422822,湖北省建始县,湖北省建始县
422823,湖北省巴东县,湖北省巴东县
422825,湖北省宣恩县,湖北省宣恩县
422826,湖北省咸丰县,湖北省咸丰县
422827,湖北省来凤县,湖北省来凤县
422828,湖北省鹤峰县,湖北省鹤峰县
429000,湖北省省直辖县级行政单位,湖北省省直辖县级行政单位
429004,湖北省仙桃市,湖北省仙桃市
429005,湖北省潜江市,湖北省潜江市
429006,湖北省天门市,湖北省天门市
429021,湖北省神农架林区,湖北省神农架林区
430000,湖南省,湖南省
430100,湖南省长沙市,湖南省长沙市
430101,湖南省长沙市市辖区,湖南省长沙市
430102,湖南省长沙市芙蓉区,湖南省长沙市
430103,湖南省长沙市天心区,湖南省长沙市
430104,湖南省长沙市岳麓区,湖南省长沙市
430105,湖南省长沙市开福区,湖南省长沙市
430111,湖南省长沙市雨花区,湖南省长沙市
430121,湖南省长沙县,湖南省长沙县
430122,湖南省望城县,湖南省望城县
430124,湖南省宁乡县,湖南省宁乡县
430181,湖南省浏阳市,湖南省浏阳市
430200,湖南省株洲市,湖南省株洲市
430201,湖南省株洲市市辖区,湖南省株洲市
430202,湖南省株洲市荷塘区,湖南省株洲市
430203,湖南省株洲市芦淞区,湖南省株洲市
430204,湖南省株洲市石峰区,湖南省株洲市
430211,湖南省株洲市天元区,湖南省株洲市
430221,湖南省株洲县,湖南省株洲县
430223,湖南省攸县,湖南省攸县
430224,湖南省茶陵县,湖南省茶陵县
430225,湖南省炎陵县,湖南省炎陵县
430281,湖南省醴陵市,湖南省醴陵市
430300,湖南省湘潭市,湖南省湘潭市
430301,湖南省湘潭市市辖区,湖南省湘潭市
430302,湖南省湘潭市雨湖区,湖南省湘潭市
430304,湖南省湘潭市岳塘区,湖南省湘潭市
430321,湖南省湘潭县,湖南省湘潭县
430381,湖南省湘乡市,湖南省湘乡市
430382,湖南省韶山市,湖南省韶山市
430400,湖南省衡阳市,湖南省衡阳市
430401,湖南省衡阳市市辖区,湖南省衡阳市
430405,湖南省衡阳市珠晖区,湖南省衡阳市
430406,湖南省衡阳市雁峰区,湖南省衡阳市
430407,湖南省衡阳市石鼓区,湖南省衡阳市
430408,湖南省衡阳市蒸湘区,湖南省衡阳市
430412,湖南省衡阳市南岳区,湖南省衡阳市
430421,湖南省衡阳县,湖南省衡阳县
430422,湖南省衡南县,湖南省衡南县
430423,湖南省衡山县,湖南省衡山县
430424,湖南省衡东县,湖南省衡东县
430426,湖南省祁东县,湖南省祁东县
430481,湖南省耒阳市,湖南省耒阳市
430482,湖南省常宁市,湖南省常宁市
430500,湖南省邵阳市,湖南省邵阳市
430501,湖南省邵阳市市辖区,湖南省邵阳市
430502,湖南省邵阳市双清区,湖南省邵阳市
430503,湖南省邵阳市大祥区,湖南省邵阳市
430511,湖南省邵阳市塔区,湖南省邵阳市
430521,湖南省邵东县,湖南省邵东县
430522,湖南省新邵县,湖南省新邵县
430523,湖南省邵阳县,湖南省邵阳县
430524,湖南省隆回县,湖南省隆回县
430525,湖南省洞口县,湖南省洞口县
430527,湖南省绥宁县,湖南省绥宁县
430528,湖南省新宁县,湖南省新宁县
430529,湖南省城步苗族自治县,湖南省城步苗族自治县
430581,湖南省武冈市,湖南省武冈市
430600,湖南省岳阳市,湖南省岳阳市
430601,湖南省岳阳市市辖区,湖南省岳阳市
430602,湖南省岳阳市岳阳楼区,湖南省岳阳市
430603,湖南省岳阳市云溪区,湖南省岳阳市
430611,湖南省岳阳市君山区,湖南省岳阳市
430621,湖南省岳阳县,湖南省岳阳县
430623,湖南省华容县,湖南省华容县
430624,湖南省湘阴县,湖南省湘阴县
430626,湖南省平江县,湖南省平江县
430681,湖南省汨罗市,湖南省汨罗市
430682,湖南省临湘市,湖南省临湘市
430700,湖南省常德市,湖南省常德市
430701,湖南省常德市市辖区,湖南省常德市
430702,湖南省常德市武陵区,湖南省常德市
430703,湖南省常德市鼎城区,湖南省常德市
430721,湖南省安乡县,湖南省安乡县
430722,湖南省汉寿县,湖南省汉寿县
430723,湖南省澧县,湖南省澧县
430724,湖南省临澧县,湖南省临澧县
430725,湖南省桃源县,湖南省桃源县
430726,湖南省石门县,湖南省石门县
430781,湖南省津市市,湖南省津市市
430800,湖南省张家界市,湖南省张家界市
430801,湖南省张家界市市辖区,湖南省张家界市
430802,湖南省张家界市永定区,湖南省张家界市
430811,湖南省张家界市武陵源区,湖南省张家界市
430821,湖南省慈利县,湖南省慈利县
430822,湖南省桑植县,湖南省桑植县
430900,湖南省益阳市,湖南省益阳市
430901,湖南省益阳市市辖区,湖南省益阳市
430902,湖南省益阳市资阳区,湖南省益阳市
430903,湖南省益阳市赫山区,湖南省益阳市
430921,湖南省南县,湖南省南县
430922,湖南省桃江县,湖南省桃江县
430923,湖南省安化县,湖南省安化县
430981,湖南省沅江市,湖南省沅江市
431000,湖南省郴州市,湖南省郴州市
431001,湖南省郴州市市辖区,湖南省郴州市
431002,湖南省郴州市北湖区,湖南省郴州市
431003,湖南省郴州市苏仙区,湖南省郴州市
431021,湖南省桂阳县,湖南省桂阳县
431022,湖南省宜章县,湖南省宜章县
431023,湖南省永兴县,湖南省永兴县
431024,湖南省嘉禾县,湖南省嘉禾县
431025,湖南省临武县,湖南省临武县
431026,湖南省汝城县,湖南省汝城县
431027,湖南省桂东县,湖南省桂东县
431028,湖南省安仁县,湖南省安仁县
431081,湖南省资兴市,湖南省资兴市
431100,湖南省永州市,湖南省永州市
431101,湖南省永州市市辖区,湖南省永州市
431102,湖南省永州市零陵区,湖南省永州市
431103,湖南省永州市冷水滩区,湖南省永州市
431121,湖南省祁阳县,湖南省祁阳县
431122,湖南省东安县,湖南省东安县
431123,湖南省双牌县,湖南省双牌县
431124,湖南省道县,湖南省道县
431125,湖南省江永县,湖南省江永县
431126,湖南省宁远县,湖南省宁远县
431127,湖南省蓝山县,湖南省蓝山县
431128,湖南省新田县,湖南省新田县
431129,湖南省江华瑶族自治县,湖南省江华瑶族自治县
431200,湖南省怀化市,湖南省怀化市
431201,湖南省怀化市市辖区,湖南省怀化市
431202,湖南省怀化市鹤城区,湖南省怀化市
431221,湖南省中方县,湖南省中方县
431222,湖南省沅陵县,湖南省沅陵县
431223,湖南省辰溪县,湖南省辰溪县
431224,湖南省溆浦县,湖南省溆浦县
431225,湖南省会同县,湖南省会同县
431226,湖南省麻阳苗族自治县,湖南省麻阳苗族自治县
431227,湖南省新晃侗族自治县,湖南省新晃侗族自治县
431228,湖南省芷江侗族自治县,湖南省芷江侗族自治县
431229,湖南省靖州苗族侗族自治县,湖南省靖州苗族侗族自治县
431230,湖南省通道侗族自治县,湖南省通道侗族自治县
431281,湖南省洪江市,湖南省洪江市
431300,湖南省娄底市,湖南省娄底市
431301,湖南省娄底市市辖区,湖南省娄底市
431302,湖南省娄底市娄星区,湖南省娄底市
431321,湖南省双峰县,湖南省双峰县
431322,湖南省新化县,湖南省新化县
431381,湖南省冷水江市,湖南省冷水江市
431382,湖南省涟源市,湖南省涟源市
433100,湖南省湘西土家族苗族自治州,湖南省湘西土家族苗族自治州
433101,湖南省吉首市,湖南省吉首市
433122,湖南省泸溪县,湖南省泸溪县
433123,湖南省凤凰县,湖南省凤凰县
433124,湖南省花垣县,湖南省花垣县
433125,湖南省保靖县,湖南省保靖县
433126,湖南省古丈县,湖南省古丈县
433127,湖南省永顺县,湖南省永顺县
433130,湖南省龙山县,湖南省龙山县
440000,广东省,广东省
440100,广东省广州市,广东省广州市
440101,广东省广州市市辖区,广东省广州市
440103,广东省广州市荔湾区,广东省广州市
440104,广东省广州市越秀区,广东省广州市
440105,广东省广州市海珠区,广东省广州市
440106,广东省广州市天河区,广东省广州市
440111,广东省广州市白云区,广东省广州市
440112,广东省广州市黄埔区,广东省广州市
440113,广东省广州市番禺区,广东省广州市
440114,广东省广州市花都区,广东省广州市
440115,广东省广州市南沙区,广东省广州市
440116,广东省广州市萝岗区,广东省广州市
440183,广东省增城市,广东省增城市
440184,广东省从化市,广东省从化市
440200,广东省韶关市,广东省韶关市
440201,广东省韶关市市辖区,广东省韶关市
440203,广东省韶关市武江区,广东省韶关市
440204,广东省韶关市浈江区,广东省韶关市
440205,广东省韶关市曲江区,广东省韶关市
440222,广东省始兴县,广东省始兴县
440224,广东省仁化县,广东省仁化县
440229,广东省翁源县,广东省翁源县
440232,广东省乳源瑶族自治县,广东省乳源瑶族自治县
440233,广东省新丰县,广东省新丰县
440281,广东省乐昌市,广东省乐昌市
440282,广东省南雄市,广东省南雄市
440300,广东省深圳市,广东省深圳市
440301,广东省深圳市市辖区,广东省深圳市
440303,广东省深圳市罗湖区,广东省深圳市
440304,广东省深圳市福田区,广东省深圳市
440305,广东省深圳市南山区,广东省深圳市
440306,广东省深圳市宝安区,广东省深圳市
440307,广东省深圳市龙岗区,广东省深圳市
440308,广东省深圳市盐田区,广东省深圳市
440400,广东省珠海市,广东省珠海市
440401,广东省珠海市市辖区,广东省珠海市
440402,广东省珠海市香洲区,广东省珠海市
440403,广东省珠海市斗门区,广东省珠海市
440404,广东省珠海市金湾区,广东省珠海市
440500,广东省汕头市,广东省汕头市
440501,广东省汕头市市辖区,广东省汕头市
440507,广东省汕头市龙湖区,广东省汕头市
440511,广东省汕头市金平区,广东省汕头市
440512,广东省汕头市濠江区,广东省汕头市
440513,广东省汕头市潮阳区,广东省汕头市
440514,广东省汕头市潮南区,广东省汕头市
440515,广东省汕头市澄海区,广东省汕头市
440523,广东省南澳县,广东省南澳县
440600,广东省佛山市,广东省佛山市
440601,广东省佛山市市辖区,广东省佛山市
440604,广东省佛山市禅城区,广东省佛山市
440605,广东省佛山市南海区,广东省佛山市
440606,广东省佛山市顺德区,广东省佛山市
440607,广东省佛山市三水区,广东省佛山市
440608,广东省佛山市高明区,广东省佛山市
440700,广东省江门市,广东省江门市
440701,广东省市辖区,广东省市
440703,广东省蓬江区,广东省蓬江区
440704,广东省江海区,广东省江海区
440705,广东省新会区,广东省新会区
440781,广东省台山市,广东省台山市
440783,广东省开平市,广东省开平市
440784,广东省鹤山市,广东省鹤山市
440785,广东省恩平市,广东省恩平市
440800,广东省湛江市,广东省湛江市
440801,广东省湛江市市辖区,广东省湛江市
440802,广东省湛江市赤坎区,广东省湛江市
440803,广东省湛江市霞山区,广东省湛江市
440804,广东省湛江市坡头区,广东省湛江市
440811,广东省湛江市麻章区,广东省湛江市
440823,广东省遂溪县,广东省遂溪县
440825,广东省徐闻县,广东省徐闻县
440881,广东省廉江市,广东省廉江市
440882,广东省雷州市,广东省雷州市
440883,广东省吴川市,广东省吴川市
440900,广东省茂名市,广东省茂名市
440901,广东省茂名市市辖区,广东省茂名市
440902,广东省茂名市茂南区,广东省茂名市
440903,广东省茂名市茂港区,广东省茂名市
440923,广东省电白县,广东省电白县
440981,广东省高州市,广东省高州市
440982,广东省化州市,广东省化州市
440983,广东省信宜市,广东省信宜市
441200,广东省肇庆市,广东省肇庆市
441201,广东省肇庆市市辖区,广东省肇庆市
441202,广东省肇庆市端州区,广东省肇庆市
441203,广东省肇庆市鼎湖区,广东省肇庆市
441223,广东省广宁县,广东省广宁县
441224,广东省怀集县,广东省怀集县
441225,广东省封开县,广东省封开县
441226,广东省德庆县,广东省德庆县
441283,广东省高要市,广东省高要市
441284,广东省四会市,广东省四会市
441300,广东省惠州市,广东省惠州市
441301,广东省惠州市市辖区,广东省惠州市
441302,广东省惠州市惠城区,广东省惠州市
441303,广东省惠州市惠阳区,广东省惠州市
441322,广东省博罗县,广东省博罗县
441323,广东省惠东县,广东省惠东县
441324,广东省龙门县,广东省龙门县
441400,广东省梅州市,广东省梅州市
441401,广东省梅州市市辖区,广东省梅州市
441402,广东省梅州市梅江区,广东省梅州市
441421,广东省梅县,广东省梅县
441422,广东省大埔县,广东省大埔县
441423,广东省丰顺县,广东省丰顺县
441424,广东省五华县,广东省五华县
441426,广东省平远县,广东省平远县
441427,广东省蕉岭县,广东省蕉岭县
441481,广东省兴宁市,广东省兴宁市
441500,广东省汕尾市,广东省汕尾市
441501,广东省汕尾市市辖区,广东省汕尾市
441502,广东省汕尾市城区,广东省汕尾市
441521,广东省海丰县,广东省海丰县
441523,广东省陆河县,广东省陆河县
441581,广东省陆丰市,广东省陆丰市
441600,广东省河源市,广东省河源市
441601,广东省河源市市辖区,广东省河源市
441602,广东省河源市源城区,广东省河源市
441621,广东省紫金县,广东省紫金县
441622,广东省龙川县,广东省龙川县
441623,广东省连平县,广东省连平县
441624,广东省和平县,广东省和平县
441625,广东省东源县,广东省东源县
441700,广东省阳江市,广东省阳江市
441701,广东省阳江市市辖区,广东省阳江市
441702,广东省阳江市江城区,广东省阳江市
441721,广东省阳西县,广东省阳西县
441723,广东省阳东县,广东省阳东县
441781,广东省阳春市,广东省阳春市
441800,广东省清远市,广东省清远市
441801,广东省清远市市辖区,广东省清远市
441802,广东省清远市清城区,广东省清远市
441821,广东省佛冈县,广东省佛冈县
441823,广东省阳山县,广东省阳山县
441825,广东省连山壮族瑶族自治县,广东省连山壮族瑶族自治县
441826,广东省连南瑶族自治县,广东省连南瑶族自治县
441827,广东省清新县,广东省清新县
441881,广东省英德市,广东省英德市
441882,广东省连州市,广东省连州市
441900,广东省东莞市,广东省东莞市
442000,广东省中山市,广东省中山市
445100,广东省潮州市,广东省潮州市
445101,广东省潮州市市辖区,广东省潮州市
445102,广东省潮州市湘桥区,广东省潮州市
445121,广东省潮安县,广东省潮安县
445122,广东省饶平县,广东省饶平县
445200,广东省揭阳市,广东省揭阳市
445201,广东省揭阳市市辖区,广东省揭阳市
445202,广东省揭阳市榕城区,广东省揭阳市
445221,广东省揭东县,广东省揭东县
445222,广东省揭西县,广东省揭西县
445224,广东省惠来县,广东省惠来县
445281,广东省普宁市,广东省普宁市
445300,广东省云浮市,广东省云浮市
445301,广东省云浮市市辖区,广东省云浮市
445302,广东省云浮市云城区,广东省云浮市
445321,广东省新兴县,广东省新兴县
445322,广东省郁南县,广东省郁南县
445323,广东省云安县,广东省云安县
445381,广东省罗定市,广东省罗定市
450000,广西壮族自治区,广西壮族自治区
450100,广西壮族自治区南宁市,广西壮族自治区南宁市
450101,广西壮族自治区南宁市市辖区,广西壮族自治区南宁市
450102,广西壮族自治区南宁市兴宁区,广西壮族自治区南宁市
450103,广西壮族自治区南宁市青秀区,广西壮族自治区南宁市
450105,广西壮族自治区南宁市江南区,广西壮族自治区南宁市
450107,广西壮族自治区南宁市西乡塘区,广西壮族自治区南宁市
450108,广西壮族自治区南宁市良庆区,广西壮族自治区南宁市
450109,广西壮族自治区南宁市邕宁区,广西壮族自治区南宁市
450122,广西壮族自治区武鸣县,广西壮族自治区武鸣县
450123,广西壮族自治区隆安县,广西壮族自治区隆安县
450124,广西壮族自治区马山县,广西壮族自治区马山县
450125,广西壮族自治区上林县,广西壮族自治区上林县
450126,广西壮族自治区宾阳县,广西壮族自治区宾阳县
450127,广西壮族自治区横县,广西壮族自治区横县
450200,广西壮族自治区柳州市,广西壮族自治区柳州市
450201,广西壮族自治区柳州市市辖区,广西壮族自治区柳州市
450202,广西壮族自治区柳州市城中区,广西壮族自治区柳州市
450203,广西壮族自治区柳州市鱼峰区,广西壮族自治区柳州市
450204,广西壮族自治区柳州市柳南区,广西壮族自治区柳州市
450205,广西壮族自治区柳州市柳北区,广西壮族自治区柳州市
450221,广西壮族自治区柳江县,广西壮族自治区柳江县
450222,广西壮族自治区柳城县,广西壮族自治区柳城县
450223,广西壮族自治区鹿寨县,广西壮族自治区鹿寨县
450224,广西壮族自治区融安县,广西壮族自治区融安县
450225,广西壮族自治区融水苗族自治县,广西壮族自治区融水苗族自治县
450226,广西壮族自治区三江侗族自治县,广西壮族自治区三江侗族自治县
450300,广西壮族自治区桂林市,广西壮族自治区桂林市
450301,广西壮族自治区桂林市市辖区,广西壮族自治区桂林市
450302,广西壮族自治区桂林市秀峰区,广西壮族自治区桂林市
450303,广西壮族自治区桂林市叠彩区,广西壮族自治区桂林市
450304,广西壮族自治区桂林市象山区,广西壮族自治区桂林市
450305,广西壮族自治区桂林市七星区,广西壮族自治区桂林市
450311,广西壮族自治区桂林市雁山区,广西壮族自治区桂林市
450321,广西壮族自治区阳朔县,广西壮族自治区阳朔县
450322,广西壮族自治区临桂县,广西壮族自治区临桂县
450323,广西壮族自治区灵川县,广西壮族自治区灵川县
450324,广西壮族自治区全州县,广西壮族自治区全州县
450325,广西壮族自治区兴安县,广西壮族自治区兴安县
450326,广西壮族自治区永福县,广西壮族自治区永福县
450327,广西壮族自治区灌阳县,广西壮族自治区灌阳县
450328,广西壮族自治区龙胜各族自治县,广西壮族自治区龙胜各族自治县
450329,广西壮族自治区资源县,广西壮族自治区资源县
450330,广西壮族自治区平乐县,广西壮族自治区平乐县
450331,广西壮族自治区荔蒲县,广西壮族自治区荔蒲县
450332,广西壮族自治区恭城瑶族自治县,广西壮族自治区恭城瑶族自治县
450400,广西壮族自治区梧州市,广西壮族自治区梧州市
450401,广西壮族自治区梧州市市辖区,广西壮族自治区梧州市
450403,广西壮族自治区梧州市万秀区,广西壮族自治区梧州市
450404,广西壮族自治区梧州市蝶山区,广西壮族自治区梧州市
450405,广西壮族自治区梧州市长洲区,广西壮族自治区梧州市
450421,广西壮族自治区苍梧县,广西壮族自治区苍梧县
450422,广西壮族自治区藤县,广西壮族自治区藤县
450423,广西壮族自治区蒙山县,广西壮族自治区蒙山县
450481,广西壮族自治区岑溪市,广西壮族自治区岑溪市
450500,广西壮族自治区北海市,广西壮族自治区北海市
450501,广西壮族自治区北海市市辖区,广西壮族自治区北海市
450502,广西壮族自治区北海市海城区,广西壮族自治区北海市
450503,广西壮族自治区北海市银海区,广西壮族自治区北海市
450512,广西壮族自治区北海市铁山港区,广西壮族自治区北海市
450521,广西壮族自治区合浦县,广西壮族自治区合浦县
450600,广西壮族自治区防城港市,广西壮族自治区防城港市
450601,广西壮族自治区防城港市市辖区,广西壮族自治区防城港市
450602,广西壮族自治区防城港市港口区,广西壮族自治区防城港市
450603,广西壮族自治区防城港市防城区,广西壮族自治区防城港市
450621,广西壮族自治区上思县,广西壮族自治区上思县
450681,广西壮族自治区东兴市,广西壮族自治区东兴市
450700,广西壮族自治区钦州市,广西壮族自治区钦州市
450701,广西壮族自治区钦州市市辖区,广西壮族自治区钦州市
450702,广西壮族自治区钦州市钦南区,广西壮族自治区钦州市
450703,广西壮族自治区钦州市钦北区,广西壮族自治区钦州市
450721,广西壮族自治区灵山县,广西壮族自治区灵山县
450722,广西壮族自治区浦北县,广西壮族自治区浦北县
450800,广西壮族自治区贵港市,广西壮族自治区贵港市
450801,广西壮族自治区贵港市市辖区,广西壮族自治区贵港市
450802,广西壮族自治区贵港市港北区,广西壮族自治区贵港市
450803,广西壮族自治区贵港市港南区,广西壮族自治区贵港市
450804,广西壮族自治区贵港市覃塘区,广西壮族自治区贵港市
450821,广西壮族自治区平南县,广西壮族自治区平南县
450881,广西壮族自治区桂平市,广西壮族自治区桂平市
450900,广西壮族自治区玉林市,广西壮族自治区玉林市
450901,广西壮族自治区玉林市市辖区,广西壮族自治区玉林市
450902,广西壮族自治区玉林市玉州区,广西壮族自治区玉林市
450921,广西壮族自治区容县,广西壮族自治区容县
450922,广西壮族自治区陆川县,广西壮族自治区陆川县
450923,广西壮族自治区博白县,广西壮族自治区博白县
450924,广西壮族自治区兴业县,广西壮族自治区兴业县
450981,广西壮族自治区北流市,广西壮族自治区北流市
451000,广西壮族自治区百色市,广西壮族自治区百色市
451001,广西壮族自治区百色市市辖区,广西壮族自治区百色市
451002,广西壮族自治区百色市右江区,广西壮族自治区百色市
451021,广西壮族自治区田阳县,广西壮族自治区田阳县
451022,广西壮族自治区田东县,广西壮族自治区田东县
451023,广西壮族自治区平果县,广西壮族自治区平果县
451024,广西壮族自治区德保县,广西壮族自治区德保县
451025,广西壮族自治区靖西县,广西壮族自治区靖西县
451026,广西壮族自治区那坡县,广西壮族自治区那坡县
451027,广西壮族自治区凌云县,广西壮族自治区凌云县
451028,广西壮族自治区乐业县,广西壮族自治区乐业县
451029,广西壮族自治区田林县,广西壮族自治区田林县
451030,广西壮族自治区西林县,广西壮族自治区西林县
451031,广西壮族自治区隆林各族自治县,广西壮族自治区隆林各族自治县
451100,广西壮族自治区贺州市,广西壮族自治区贺州市
451101,广西壮族自治区贺州市市辖区,广西壮族自治区贺州市
451102,广西壮族自治区贺州市八步区,广西壮族自治区贺州市
451121,广西壮族自治区昭平县,广西壮族自治区昭平县
451122,广西壮族自治区钟山县,广西壮族自治区钟山县
451123,广西壮族自治区富川瑶族自治县,广西壮族自治区富川瑶族自治县
451200,广西壮族自治区河池市,广西壮族自治区河池市
451201,广西壮族自治区河池市市辖区,广西壮族自治区河池市
451202,广西壮族自治区河池市金城江区,广西壮族自治区河池市
451221,广西壮族自治区南丹县,广西壮族自治区南丹县
451222,广西壮族自治区天峨县,广西壮族自治区天峨县
451223,广西壮族自治区凤山县,广西壮族自治区凤山县
451224,广西壮族自治区东兰县,广西壮族自治区东兰县
451225,广西壮族自治区罗城仫佬族自治县,广西壮族自治区罗城仫佬族自治县
451226,广西壮族自治区环江毛南族自治县,广西壮族自治区环江毛南族自治县
451227,广西壮族自治区巴马瑶族自治县,广西壮族自治区巴马瑶族自治县
451228,广西壮族自治区都安瑶族自治县,广西壮族自治区都安瑶族自治县
451229,广西壮族自治区大化瑶族自治县,广西壮族自治区大化瑶族自治县
451281,广西壮族自治区宜州市,广西壮族自治区宜州市
451300,广西壮族自治区来宾市,广西壮族自治区来宾市
451301,广西壮族自治区来宾市市辖区,广西壮族自治区来宾市
451302,广西壮族自治区来宾市兴宾区,广西壮族自治区来宾市
451321,广西壮族自治区忻城县,广西壮族自治区忻城县
451322,广西壮族自治区象州县,广西壮族自治区象州县
451323,广西壮族自治区武宣县,广西壮族自治区武宣县
451324,广西壮族自治区金秀瑶族自治县,广西壮族自治区金秀瑶族自治县
451381,广西壮族自治区合山市,广西壮族自治区合山市
451400,广西壮族自治区崇左市,广西壮族自治区崇左市
451401,广西壮族自治区崇左市市辖区,广西壮族自治区崇左市
451402,广西壮族自治区崇左市江洲区,广西壮族自治区崇左市
451421,广西壮族自治区扶绥县,广西壮族自治区扶绥县
451422,广西壮族自治区宁明县,广西壮族自治区宁明县
451423,广西壮族自治区龙州县,广西壮族自治区龙州县
451424,广西壮族自治区大新县,广西壮族自治区大新县
451425,广西壮族自治区天等县,广西壮族自治区天等县
451481,广西壮族自治区凭祥市,广西壮族自治区凭祥市
460000,海南省,海南省
460100,海南省海口市,海南省海口市
460101,海南省海口市市辖区,海南省海口市
460105,海南省海口市秀英区,海南省海口市
460106,海南省海口市龙华区,海南省海口市
460107,海南省海口市琼山区,海南省海口市
460108,海南省海口市美兰区,海南省海口市
460200,海南省三亚市,海南省三亚市
460201,海南省三亚市市辖区,海南省三亚市
469000,海南省省直辖县级行政单位,海南省省直辖县级行政单位
469001,海南省五指山市,海南省五指山市
469002,海南省琼海市,海南省琼海市
469003,海南省儋州市,海南省儋州市
469005,海南省文昌市,海南省文昌市
469006,海南省万宁市,海南省万宁市
469007,海南省东方市,海南省东方市
469021,海南省定安县,海南省定安县
469022,海南省屯昌县,海南省屯昌县
469023,海南省澄迈县,海南省澄迈县
469024,海南省临高县,海南省临高县
469025,海南省白沙黎族自治县,海南省白沙黎族自治县
469026,海南省昌江黎族自治县,海南省昌江黎族自治县
469027,海南省乐东黎族自治县,海南省乐东黎族自治县
469028,海南省陵水黎族自治县,海南省陵水黎族自治县
469029,海南省保亭黎族苗族自治县,海南省保亭黎族苗族自治县
469030,海南省琼中黎族苗族自治县,海南省琼中黎族苗族自治县
469031,海南省西沙群岛,海南省西沙群岛
469032,海南省南沙群岛,海南省南沙群岛
469033,海南省中沙群岛的岛礁及其海域,海南省中沙群岛的岛礁及其海域
500000,重庆市,重庆市
500100,重庆市市辖区,重庆市
500101,重庆市万州区,重庆市
500102,重庆市涪陵区,重庆市
500103,重庆市渝中区,重庆市
500104,重庆市大渡口区,重庆市
500105,重庆市江北区,重庆市
500106,重庆市沙坪坝区,重庆市
500107,重庆市九龙坡区,重庆市
500108,重庆市南岸区,重庆市
500109,重庆市北碚区,重庆市
500110,重庆市万盛区,重庆市
500111,重庆市双桥区,重庆市
500112,重庆市渝北区,重庆市
500113,重庆市巴南区,重庆市
500114,重庆市黔江区,重庆市
500115,重庆市长寿区,重庆市
500116,重庆市江津区,重庆市
500117,重庆市合川区,重庆市
500118,重庆市永川区,重庆市
500119,重庆市南川区,重庆市
500200,重庆市县,重庆市县
500222,重庆市綦江县,重庆市綦江县
500223,重庆市潼南县,重庆市潼南县
500224,重庆市铜梁县,重庆市铜梁县
500225,重庆市大足县,重庆市大足县
500226,重庆市荣昌县,重庆市荣昌县
500227,重庆市璧山县,重庆市璧山县
500228,重庆市梁平县,重庆市梁平县
500229,重庆市城口县,重庆市城口县
500230,重庆市丰都县,重庆市丰都县
500231,重庆市垫江县,重庆市垫江县
500232,重庆市武隆县,重庆市武隆县
500233,重庆市忠县,重庆市忠县
500234,重庆市开县,重庆市开县
500235,重庆市云阳县,重庆市云阳县
500236,重庆市奉节县,重庆市奉节县
500237,重庆市巫山县,重庆市巫山县
500238,重庆市巫溪县,重庆市巫溪县
500240,重庆市石柱土家族自治县,重庆市石柱土家族自治县
500241,重庆市秀山土家族苗族自治县,重庆市秀山土家族苗族自治县
500242,重庆市酉阳土家族苗族自治县,重庆市酉阳土家族苗族自治县
500243,重庆市彭水苗族土家族自治县,重庆市彭水苗族土家族自治县
510000,四川省,四川省
510100,四川省成都市,四川省成都市
510101,四川省成都市市辖区,四川省成都市
510104,四川省成都市锦江区,四川省成都市
510105,四川省成都市青羊区,四川省成都市
510106,四川省成都市金牛区,四川省成都市
510107,四川省成都市武侯区,四川省成都市
510108,四川省成都市成华区,四川省成都市
510112,四川省成都市龙泉驿区,四川省成都市
510113,四川省成都市青白江区,四川省成都市
510114,四川省成都市新都区,四川省成都市
510115,四川省成都市温江区,四川省成都市
510121,四川省金堂县,四川省金堂县
510122,四川省双流县,四川省双流县
510124,四川省郫县,四川省郫县
510129,四川省大邑县,四川省大邑县
510131,四川省蒲江县,四川省蒲江县
510132,四川省新津县,四川省新津县
510181,四川省都江堰市,四川省都江堰市
510182,四川省彭州市,四川省彭州市
510183,四川省邛崃市,四川省邛崃市
510184,四川省崇州市,四川省崇州市
510300,四川省自贡市,四川省自贡市
510301,四川省自贡市市辖区,四川省自贡市
510302,四川省自贡市自流井区,四川省自贡市
510303,四川省自贡市贡井区,四川省自贡市
510304,四川省自贡市大安区,四川省自贡市
510311,四川省自贡市沿滩区,四川省自贡市
510321,四川省荣县,四川省荣县
510322,四川省富顺县,四川省富顺县
510400,四川省攀枝花市,四川省攀枝花市
510401,四川省攀枝花市市辖区,四川省攀枝花市
510402,四川省攀枝花市东区,四川省攀枝花市
510403,四川省攀枝花市西区,四川省攀枝花市
510411,四川省攀枝花市仁和区,四川省攀枝花市
510421,四川省米易县,四川省米易县
510422,四川省盐边县,四川省盐边县
510500,四川省泸州市,四川省泸州市
510501,四川省泸州市市辖区,四川省泸州市
510502,四川省泸州市江阳区,四川省泸州市
510503,四川省泸州市纳溪区,四川省泸州市
510504,四川省泸州市龙马潭区,四川省泸州市
510521,四川省泸县,四川省泸县
510522,四川省合江县,四川省合江县
510524,四川省叙永县,四川省叙永县
510525,四川省古蔺县,四川省古蔺县
510600,四川省德阳市,四川省德阳市
510601,四川省德阳市市辖区,四川省德阳市
510603,四川省德阳市旌阳区,四川省德阳市
510623,四川省中江县,四川省中江县
510626,四川省罗江县,四川省罗江县
510681,四川省广汉市,四川省广汉市
510682,四川省什邡市,四川省什邡市
510683,四川省绵竹市,四川省绵竹市
510700,四川省绵阳市,四川省绵阳市
510701,四川省绵阳市市辖区,四川省绵阳市
510703,四川省绵阳市涪城区,四川省绵阳市
510704,四川省绵阳市游仙区,四川省绵阳市
510722,四川省三台县,四川省三台县
510723,四川省盐亭县,四川省盐亭县
510724,四川省安县,四川省安县
510725,四川省梓潼县,四川省梓潼县
510726,四川省北川羌族自治县,四川省北川羌族自治县
510727,四川省平武县,四川省平武县
510781,四川省江油市,四川省江油市
510800,四川省广元市,四川省广元市
510801,四川省广元市市辖区,四川省广元市
510802,四川省广元市市中区,四川省广元市
510811,四川省广元市元坝区,四川省广元市
510812,四川省广元市朝天区,四川省广元市
510821,四川省旺苍县,四川省旺苍县
510822,四川省青川县,四川省青川县
510823,四川省剑阁县,四川省剑阁县
510824,四川省苍溪县,四川省苍溪县
510900,四川省遂宁市,四川省遂宁市
510901,四川省遂宁市市辖区,四川省遂宁市
510903,四川省遂宁市船山区,四川省遂宁市
510904,四川省遂宁市安居区,四川省遂宁市
510921,四川省蓬溪县,四川省蓬溪县
510922,四川省射洪县,四川省射洪县
510923,四川省大英县,四川省大英县
511000,四川省内江市,四川省内江市
511001,四川省内江市市辖区,四川省内江市
511002,四川省内江市市中区,四川省内江市
511011,四川省内江市东兴区,四川省内江市
511024,四川省威远县,四川省威远县
511025,四川省资中县,四川省资中县
511028,四川省隆昌县,四川省隆昌县
511100,四川省乐山市,四川省乐山市
511101,四川省乐山市市辖区,四川省乐山市
511102,四川省乐山市市中区,四川省乐山市
511111,四川省乐山市沙湾区,四川省乐山市
511112,四川省乐山市五通桥区,四川省乐山市
511113,四川省乐山市金口河区,四川省乐山市
511123,四川省犍为县,四川省犍为县
511124,四川省井研县,四川省井研县
511126,四川省夹江县,四川省夹江县
511129,四川省沐川县,四川省沐川县
511132,四川省峨边彝族自治县,四川省峨边彝族自治县
511133,四川省马边彝族自治县,四川省马边彝族自治县
511181,四川省峨眉山市,四川省峨眉山市
511300,四川省南充市,四川省南充市
511301,四川省南充市市辖区,四川省南充市
511302,四川省南充市顺庆区,四川省南充市
511303,四川省南充市高坪区,四川省南充市
511304,四川省南充市嘉陵区,四川省南充市
511321,四川省南部县,四川省南部县
511322,四川省营山县,四川省营山县
511323,四川省蓬安县,四川省蓬安县
511324,四川省仪陇县,四川省仪陇县
511325,四川省西充县,四川省西充县
511381,四川省阆中市,四川省阆中市
511400,四川省眉山市,四川省眉山市
511401,四川省眉山市市辖区,四川省眉山市
511402,四川省眉山市东坡区,四川省眉山市
511421,四川省仁寿县,四川省仁寿县
511422,四川省彭山县,四川省彭山县
511423,四川省洪雅县,四川省洪雅县
511424,四川省丹棱县,四川省丹棱县
511425,四川省青神县,四川省青神县
511500,四川省宜宾市,四川省宜宾市
511501,四川省宜宾市市辖区,四川省宜宾市
511502,四川省宜宾市翠屏区,四川省宜宾市
511521,四川省宜宾县,四川省宜宾县
511522,四川省南溪县,四川省南溪县
511523,四川省江安县,四川省江安县
511524,四川省长宁县,四川省长宁县
511525,四川省高县,四川省高县
511526,四川省珙县,四川省珙县
511527,四川省筠连县,四川省筠连县
511528,四川省兴文县,四川省兴文县
511529,四川省屏山县,四川省屏山县
511600,四川省广安市,四川省广安市
511601,四川省广安市市辖区,四川省广安市
511602,四川省广安市广安区,四川省广安市
511621,四川省岳池县,四川省岳池县
511622,四川省武胜县,四川省武胜县
511623,四川省邻水县,四川省邻水县
511681,四川省华蓥市,四川省华蓥市
511700,四川省达州市,四川省达州市
511701,四川省达州市市辖区,四川省达州市
511702,四川省达州市通川区,四川省达州市
511721,四川达县,四川达县
511722,四川宣汉县,四川宣汉县
511723,四川开江县,四川开江县
511724,四川大竹县,四川大竹县
511725,四川渠县,四川渠县
511781,四川万源市,四川万源市
511800,四川省雅安市,四川省雅安市
511801,四川省雅安市市辖区,四川省雅安市
511802,四川省雅安市雨城区,四川省雅安市
511821,四川省名山县,四川省名山县
511822,四川省荥经县,四川省荥经县
511823,四川省汉源县,四川省汉源县
511824,四川省石棉县,四川省石棉县
511825,四川省天全县,四川省天全县
511826,四川省芦山县,四川省芦山县
511827,四川省宝兴县,四川省宝兴县
511900,四川省巴中市,四川省巴中市
511901,四川省巴中市市辖区,四川省巴中市
511902,四川省巴中市巴州区,四川省巴中市
511921,四川省通江县,四川省通江县
511922,四川省南江县,四川省南江县
511923,四川省平昌县,四川省平昌县
512000,四川省资阳市,四川省资阳市
512001,四川省资阳市市辖区,四川省资阳市
512002,四川省资阳市雁江区,四川省资阳市
512021,四川省安岳县,四川省安岳县
512022,四川省乐至县,四川省乐至县
512081,四川省简阳市,四川省简阳市
513200,四川省阿坝藏族羌族自治州,四川省阿坝藏族羌族自治州
513221,四川省汶川县,四川省汶川县
513222,四川省理县,四川省理县
513223,四川省茂县,四川省茂县
513224,四川省松潘县,四川省松潘县
513225,四川省九寨沟县,四川省九寨沟县
513226,四川省金川县,四川省金川县
513227,四川省小金县,四川省小金县
513228,四川省黑水县,四川省黑水县
513229,四川省马尔康县,四川省马尔康县
513230,四川省壤塘县,四川省壤塘县
513231,四川省阿坝县,四川省阿坝县
513232,四川省若尔盖县,四川省若尔盖县
513233,四川省红原县,四川省红原县
513300,四川省甘孜藏族自治州,四川省甘孜藏族自治州
513321,四川省康定县,四川省康定县
513322,四川省泸定县,四川省泸定县
513323,四川省丹巴县,四川省丹巴县
513324,四川省九龙县,四川省九龙县
513325,四川省雅江县,四川省雅江县
513326,四川省道孚县,四川省道孚县
513327,四川省炉霍县,四川省炉霍县
513328,四川省甘孜县,四川省甘孜县
513329,四川省新龙县,四川省新龙县
513330,四川省德格县,四川省德格县
513331,四川省白玉县,四川省白玉县
513332,四川省石渠县,四川省石渠县
513333,四川省色达县,四川省色达县
513334,四川省理塘县,四川省理塘县
513335,四川省巴塘县,四川省巴塘县
513336,四川省乡城县,四川省乡城县
513337,四川省稻城县,四川省稻城县
513338,四川省得荣县,四川省得荣县
513400,四川省凉山彝族自治州,四川省凉山彝族自治州
513401,四川省西昌市,四川省西昌市
513422,四川省木里藏族自治县,四川省木里藏族自治县
513423,四川省盐源县,四川省盐源县
513424,四川省德昌县,四川省德昌县
513425,四川省会理县,四川省会理县
513426,四川省会东县,四川省会东县
513427,四川省宁南县,四川省宁南县
513428,四川省普格县,四川省普格县
513429,四川省布拖县,四川省布拖县
513430,四川省金阳县,四川省金阳县
513431,四川省昭觉县,四川省昭觉县
513432,四川省喜德县,四川省喜德县
513433,四川省冕宁县,四川省冕宁县
513434,四川省越西县,四川省越西县
513435,四川省甘洛县,四川省甘洛县
513436,四川省美姑县,四川省美姑县
513437,四川省雷波县,四川省雷波县
520000,贵州省,贵州省
520100,贵州省贵阳市,贵州省贵阳市
520101,贵州省贵阳市市辖区,贵州省贵阳市
520102,贵州省贵阳市南明区,贵州省贵阳市
520103,贵州省贵阳市云岩区,贵州省贵阳市
520111,贵州省贵阳市花溪区,贵州省贵阳市
520112,贵州省贵阳市乌当区,贵州省贵阳市
520113,贵州省贵阳市白云区,贵州省贵阳市
520114,贵州省贵阳市小河区,贵州省贵阳市
520121,贵州省开阳县,贵州省开阳县
520122,贵州省息烽县,贵州省息烽县
520123,贵州省修文县,贵州省修文县
520181,贵州省清镇市,贵州省清镇市
520200,贵州省六盘水市,贵州省六盘水市
520201,贵州省六盘水市钟山区,贵州省六盘水市
520203,贵州省六盘水市六枝特区,贵州省六盘水市
520221,贵州省水城县,贵州省水城县
520222,贵州省盘县,贵州省盘县
520300,贵州省遵义市,贵州省遵义市
520301,贵州省遵义市市辖区,贵州省遵义市
520302,贵州省遵义市红花岗区,贵州省遵义市
520303,贵州省遵义市汇川区,贵州省遵义市
520321,贵州省遵义县,贵州省遵义县
520322,贵州省桐梓县,贵州省桐梓县
520323,贵州省绥阳县,贵州省绥阳县
520324,贵州省正安县,贵州省正安县
520325,贵州省道真仡佬族苗族自治县,贵州省道真仡佬族苗族自治县
520326,贵州省务川仡佬族苗族自治县,贵州省务川仡佬族苗族自治县
520327,贵州省凤冈县,贵州省凤冈县
520328,贵州省湄潭县,贵州省湄潭县
520329,贵州省余庆县,贵州省余庆县
520330,贵州省习水县,贵州省习水县
520381,贵州省赤水市,贵州省赤水市
520382,贵州省仁怀市,贵州省仁怀市
520400,贵州省安顺市,贵州省安顺市
520401,贵州省安顺市市辖区,贵州省安顺市
520402,贵州省安顺市西秀区,贵州省安顺市
520421,贵州省平坝县,贵州省平坝县
520422,贵州省普定县,贵州省普定县
520423,贵州省镇宁布依族苗族自治县,贵州省镇宁布依族苗族自治县
520424,贵州省关岭布依族苗族自治县,贵州省关岭布依族苗族自治县
520425,贵州省紫云苗族布依族自治县,贵州省紫云苗族布依族自治县
522200,贵州省铜仁地区,贵州省铜仁地区
522201,贵州省铜仁市,贵州省铜仁市
522222,贵州省江口县,贵州省江口县
522223,贵州省玉屏侗族自治县,贵州省玉屏侗族自治县
522224,贵州省石阡县,贵州省石阡县
522225,贵州省思南县,贵州省思南县
522226,贵州省印江土家族苗族自治县,贵州省印江土家族苗族自治县
522227,贵州省德江县,贵州省德江县
522228,贵州省沿河土家族自治县,贵州省沿河土家族自治县
522229,贵州省松桃苗族自治县,贵州省松桃苗族自治县
522230,贵州省万山特区,贵州省万山特区
522300,贵州省黔西南布依族苗族自治州,贵州省黔西南布依族苗族自治州
522301,贵州省兴义市,贵州省兴义市
522322,贵州省兴仁县,贵州省兴仁县
522323,贵州省普安县,贵州省普安县
522324,贵州省晴隆县,贵州省晴隆县
522325,贵州省贞丰县,贵州省贞丰县
522326,贵州省望谟县,贵州省望谟县
522327,贵州省册亨县,贵州省册亨县
522328,贵州省安龙县,贵州省安龙县
522400,贵州省毕节地区,贵州省毕节地区
522401,贵州省毕节市,贵州省毕节市
522422,贵州省大方县,贵州省大方县
522423,贵州省黔西县,贵州省黔西县
522424,贵州省金沙县,贵州省金沙县
522425,贵州省织金县,贵州省织金县
522426,贵州省纳雍县,贵州省纳雍县
522427,贵州省威宁彝族回族苗族自治县,贵州省威宁彝族回族苗族自治县
522428,贵州省赫章县,贵州省赫章县
522600,贵州省黔东南苗族侗族自治州,贵州省黔东南苗族侗族自治州
522601,贵州省凯里市,贵州省凯里市
522622,贵州省黄平县,贵州省黄平县
522623,贵州省施秉县,贵州省施秉县
522624,贵州省三穗县,贵州省三穗县
522625,贵州省镇远县,贵州省镇远县
522626,贵州省岑巩县,贵州省岑巩县
522627,贵州省天柱县,贵州省天柱县
522628,贵州省锦屏县,贵州省锦屏县
522629,贵州省剑河县,贵州省剑河县
522630,贵州省台江县,贵州省台江县
522631,贵州省黎平县,贵州省黎平县
522632,贵州省榕江县,贵州省榕江县
522633,贵州省从江县,贵州省从江县
522634,贵州省雷山县,贵州省雷山县
522635,贵州省麻江县,贵州省麻江县
522636,贵州省丹寨县,贵州省丹寨县
522700,贵州省黔南布依族苗族自治州,贵州省黔南布依族苗族自治州
522701,贵州省都匀市,贵州省都匀市
522702,贵州省福泉市,贵州省福泉市
522722,贵州省荔波县,贵州省荔波县
522723,贵州省贵定县,贵州省贵定县
522725,贵州省瓮安县,贵州省瓮安县
522726,贵州省独山县,贵州省独山县
522727,贵州省平塘县,贵州省平塘县
522728,贵州省罗甸县,贵州省罗甸县
522729,贵州省长顺县,贵州省长顺县
522730,贵州省龙里县,贵州省龙里县
522731,贵州省惠水县,贵州省惠水县
522732,贵州省三都水族自治县,贵州省三都水族自治县
530000,云南省,云南省
530100,云南省昆明市,云南省昆明市
530101,云南省昆明市市辖区,云南省昆明市
530102,云南省昆明市五华区,云南省昆明市
530103,云南省昆明市盘龙区,云南省昆明市
530111,云南省昆明市官渡区,云南省昆明市
530112,云南省昆明市西山区,云南省昆明市
530113,云南省昆明市东川区,云南省昆明市
530121,云南省呈贡县,云南省呈贡县
530122,云南省晋宁县,云南省晋宁县
530124,云南省富民县,云南省富民县
530125,云南省宜良县,云南省宜良县
530126,云南省石林彝族自治县,云南省石林彝族自治县
530127,云南省嵩明县,云南省嵩明县
530128,云南省禄劝彝族苗族自治县,云南省禄劝彝族苗族自治县
530129,云南省寻甸回族彝族自治县,云南省寻甸回族彝族自治县
530181,云南省安宁市,云南省安宁市
530300,云南省曲靖市,云南省曲靖市
530301,云南省曲靖市市辖区,云南省曲靖市
530302,云南省曲靖市麒麟区,云南省曲靖市
530321,云南省马龙县,云南省马龙县
530322,云南省陆良县,云南省陆良县
530323,云南省师宗县,云南省师宗县
530324,云南省罗平县,云南省罗平县
530325,云南省富源县,云南省富源县
530326,云南省会泽县,云南省会泽县
530328,云南省沾益县,云南省沾益县
530381,云南省宣威市,云南省宣威市
530400,云南省玉溪市,云南省玉溪市
530401,云南省玉溪市市辖区,云南省玉溪市
530402,云南省玉溪市红塔区,云南省玉溪市
530421,云南省江川县,云南省江川县
530422,云南省澄江县,云南省澄江县
530423,云南省通海县,云南省通海县
530424,云南省华宁县,云南省华宁县
530425,云南省易门县,云南省易门县
530426,云南省峨山彝族自治县,云南省峨山彝族自治县
530427,云南省新平彝族傣族自治县,云南省新平彝族傣族自治县
530428,云南省元江哈尼族彝族傣族自治县,云南省元江哈尼族彝族傣族自治县
530500,云南省保山市,云南省保山市
530501,云南省保山市市辖区,云南省保山市
530502,云南省保山市隆阳区,云南省保山市
530521,云南省施甸县,云南省施甸县
530522,云南省腾冲县,云南省腾冲县
530523,云南省龙陵县,云南省龙陵县
530524,云南省昌宁县,云南省昌宁县
530600,云南省昭通市,云南省昭通市
530601,云南省昭通市市辖区,云南省昭通市
530602,云南省昭通市昭阳区,云南省昭通市
530621,云南省鲁甸县,云南省鲁甸县
530622,云南省巧家县,云南省巧家县
530623,云南省盐津县,云南省盐津县
530624,云南省大关县,云南省大关县
530625,云南省永善县,云南省永善县
530626,云南省绥江县,云南省绥江县
530627,云南省镇雄县,云南省镇雄县
530628,云南省彝良县,云南省彝良县
530629,云南省威信县,云南省威信县
530630,云南省水富县,云南省水富县
530700,云南省丽江市,云南省丽江市
530701,云南省丽江市市辖区,云南省丽江市
530702,云南省丽江市古城区,云南省丽江市
530721,云南省玉龙纳西族自治县,云南省玉龙纳西族自治县
530722,云南省永胜县,云南省永胜县
530723,云南省华坪县,云南省华坪县
530724,云南省宁蒗彝族自治县,云南省宁蒗彝族自治县
530800,云南省普洱市,云南省普洱市
530801,云南省普洱市市辖区,云南省普洱市
530802,云南省普洱市思茅区,云南省普洱市
530821,云南省宁洱哈尼族彝族自治县,云南省宁洱哈尼族彝族自治县
530822,云南省墨江哈尼族自治县,云南省墨江哈尼族自治县
530823,云南省景东彝族自治县,云南省景东彝族自治县
530824,云南省景谷傣族彝族自治县,云南省景谷傣族彝族自治县
530825,云南省镇沅彝族哈尼族拉祜族自治县,云南省镇沅彝族哈尼族拉祜族自治县
530826,云南省江城哈尼族彝族自治县,云南省江城哈尼族彝族自治县
530827,云南省孟连傣族拉祜族佤族自治县,云南省孟连傣族拉祜族佤族自治县
530828,云南省澜沧拉祜族自治县,云南省澜沧拉祜族自治县
530829,云南省西盟佤族自治县,云南省西盟佤族自治县
530900,云南省临沧市,云南省临沧市
530901,云南省临沧市市辖区,云南省临沧市
530902,云南省临沧市临翔区,云南省临沧市
530921,云南省凤庆县,云南省凤庆县
530922,云南省云县,云南省云县
530923,云南省永德县,云南省永德县
530924,云南省镇康县,云南省镇康县
530925,云南省双江拉祜族佤族布朗族傣族自治县,云南省双江拉祜族佤族布朗族傣族自治县
530926,云南省耿马傣族佤族自治县,云南省耿马傣族佤族自治县
530927,云南省沧源佤族自治县,云南省沧源佤族自治县
532300,云南省楚雄彝族自治州,云南省楚雄彝族自治州
532301,云南省楚雄市,云南省楚雄市
532322,云南省双柏县,云南省双柏县
532323,云南省牟定县,云南省牟定县
532324,云南省南华县,云南省南华县
532325,云南省姚安县,云南省姚安县
532326,云南省大姚县,云南省大姚县
532327,云南省永仁县,云南省永仁县
532328,云南省元谋县,云南省元谋县
532329,云南省武定县,云南省武定县
532331,云南省禄丰县,云南省禄丰县
532500,云南省红河哈尼族彝族自治州,云南省红河哈尼族彝族自治州
532501,云南省个旧市,云南省个旧市
532502,云南省开远市,云南省开远市
532522,云南省蒙自县,云南省蒙自县
532523,云南省屏边苗族自治县,云南省屏边苗族自治县
532524,云南省建水县,云南省建水县
532525,云南省石屏县,云南省石屏县
532526,云南省弥勒县,云南省弥勒县
532527,云南省泸西县,云南省泸西县
532528,云南省元阳县,云南省元阳县
532529,云南省红河县,云南省红河县
532530,云南省金平苗族瑶族傣族自治县,云南省金平苗族瑶族傣族自治县
532531,云南省绿春县,云南省绿春县
532532,云南省河口瑶族自治县,云南省河口瑶族自治县
532600,云南省文山壮族苗族自治州,云南省文山壮族苗族自治州
532621,云南省文山县,云南省文山县
532622,云南省砚山县,云南省砚山县
532623,云南省西畴县,云南省西畴县
532624,云南省麻栗坡县,云南省麻栗坡县
532625,云南省马关县,云南省马关县
532626,云南省丘北县,云南省丘北县
532627,云南省广南县,云南省广南县
532628,云南省富宁县,云南省富宁县
532800,云南省西双版纳傣族自治州,云南省西双版纳傣族自治州
532801,云南省景洪市,云南省景洪市
532822,云南省勐海县,云南省勐海县
532823,云南省勐腊县,云南省勐腊县
532900,云南省大理白族自治州,云南省大理白族自治州
532901,云南省大理市,云南省大理市
532922,云南省漾濞彝族自治县,云南省漾濞彝族自治县
532923,云南省祥云县,云南省祥云县
532924,云南省宾川县,云南省宾川县
532925,云南省弥渡县,云南省弥渡县
532926,云南省南涧彝族自治县,云南省南涧彝族自治县
532927,云南省巍山彝族回族自治县,云南省巍山彝族回族自治县
532928,云南省永平县,云南省永平县
532929,云南省云龙县,云南省云龙县
532930,云南省洱源县,云南省洱源县
532931,云南省剑川县,云南省剑川县
532932,云南省鹤庆县,云南省鹤庆县
533100,云南省德宏傣族景颇族自治州,云南省德宏傣族景颇族自治州
533102,云南省瑞丽市,云南省瑞丽市
533103,云南省潞西市,云南省潞西市
533122,云南省梁河县,云南省梁河县
533123,云南省盈江县,云南省盈江县
533124,云南省陇川县,云南省陇川县
533300,云南省怒江傈僳族自治州,云南省怒江傈僳族自治州
533321,云南省泸水县,云南省泸水县
533323,云南省福贡县,云南省福贡县
533324,云南省贡山独龙族怒族自治县,云南省贡山独龙族怒族自治县
533325,云南省兰坪白族普米族自治县,云南省兰坪白族普米族自治县
533400,云南省迪庆藏族自治州,云南省迪庆藏族自治州
533421,云南省香格里拉县,云南省香格里拉县
533422,云南省德钦县,云南省德钦县
533423,云南省维西傈僳族自治县,云南省维西傈僳族自治县
540000,西藏自治区,西藏自治区
540100,西藏自治区拉萨市,西藏自治区拉萨市
540101,西藏自治区拉萨市市辖区,西藏自治区拉萨市
540102,西藏自治区拉萨市城关区,西藏自治区拉萨市
540121,西藏自治区林周县,西藏自治区林周县
540122,西藏自治区当雄县,西藏自治区当雄县
540123,西藏自治区尼木县,西藏自治区尼木县
540124,西藏自治区曲水县,西藏自治区曲水县
540125,西藏自治区堆龙德庆县,西藏自治区堆龙德庆县
540126,西藏自治区达孜县,西藏自治区达孜县
540127,西藏自治区墨竹工卡县,西藏自治区墨竹工卡县
542100,西藏自治区昌都地区,西藏自治区昌都地区
542121,西藏自治区昌都县,西藏自治区昌都县
542122,西藏自治区江达县,西藏自治区江达县
542123,西藏自治区贡觉县,西藏自治区贡觉县
542124,西藏自治区类乌齐县,西藏自治区类乌齐县
542125,西藏自治区丁青县,西藏自治区丁青县
542126,西藏自治区察雅县,西藏自治区察雅县
542127,西藏自治区八宿县,西藏自治区八宿县
542128,西藏自治区左贡县,西藏自治区左贡县
542129,西藏自治区芒康县,西藏自治区芒康县
542132,西藏自治区洛隆县,西藏自治区洛隆县
542133,西藏自治区边坝县,西藏自治区边坝县
542200,西藏自治区山南地区,西藏自治区山南地区
542221,西藏自治区乃东县,西藏自治区乃东县
542222,西藏自治区扎囊县,西藏自治区扎囊县
542223,西藏自治区贡嘎县,西藏自治区贡嘎县
542224,西藏自治区桑日县,西藏自治区桑日县
542225,西藏自治区琼结县,西藏自治区琼结县
542226,西藏自治区曲松县,西藏自治区曲松县
542227,西藏自治区措美县,西藏自治区措美县
542228,西藏自治区洛扎县,西藏自治区洛扎县
542229,西藏自治区加查县,西藏自治区加查县
542231,西藏自治区隆子县,西藏自治区隆子县
542232,西藏自治区错那县,西藏自治区错那县
542233,西藏自治区浪卡子县,西藏自治区浪卡子县
542300,西藏自治区日喀则地区,西藏自治区日喀则地区
542301,西藏自治区日喀则市,西藏自治区日喀则市
542322,西藏自治区南木林县,西藏自治区南木林县
542323,西藏自治区江孜县,西藏自治区江孜县
542324,西藏自治区定日县,西藏自治区定日县
542325,西藏自治区萨迦县,西藏自治区萨迦县
542326,西藏自治区拉孜县,西藏自治区拉孜县
542327,西藏自治区昂仁县,西藏自治区昂仁县
542328,西藏自治区谢通门县,西藏自治区谢通门县
542329,西藏自治区白朗县,西藏自治区白朗县
542330,西藏自治区仁布县,西藏自治区仁布县
542331,西藏自治区康马县,西藏自治区康马县
542332,西藏自治区定结县,西藏自治区定结县
542333,西藏自治区仲巴县,西藏自治区仲巴县
542334,西藏自治区亚东县,西藏自治区亚东县
542335,西藏自治区吉隆县,西藏自治区吉隆县
542336,西藏自治区聂拉木县,西藏自治区聂拉木县
542337,西藏自治区萨嘎县,西藏自治区萨嘎县
542338,西藏自治区岗巴县,西藏自治区岗巴县
542400,西藏自治区那曲地区,西藏自治区那曲地区
542421,西藏自治区那曲县,西藏自治区那曲县
542422,西藏自治区嘉黎县,西藏自治区嘉黎县
542423,西藏自治区比如县,西藏自治区比如县
542424,西藏自治区聂荣县,西藏自治区聂荣县
542425,西藏自治区安多县,西藏自治区安多县
542426,西藏自治区申扎县,西藏自治区申扎县
542427,西藏自治区索县,西藏自治区索县
542428,西藏自治区班戈县,西藏自治区班戈县
542429,西藏自治区巴青县,西藏自治区巴青县
542430,西藏自治区尼玛县,西藏自治区尼玛县
542500,西藏自治区阿里地区,西藏自治区阿里地区
542521,西藏自治区普兰县,西藏自治区普兰县
542522,西藏自治区札达县,西藏自治区札达县
542523,西藏自治区噶尔县,西藏自治区噶尔县
542524,西藏自治区日土县,西藏自治区日土县
542525,西藏自治区革吉县,西藏自治区革吉县
542526,西藏自治区改则县,西藏自治区改则县
542527,西藏自治区措勤县,西藏自治区措勤县
542600,西藏自治区林芝地区,西藏自治区林芝地区
542621,西藏自治区林芝县,西藏自治区林芝县
542622,西藏自治区工布江达县,西藏自治区工布江达县
542623,西藏自治区米林县,西藏自治区米林县
542624,西藏自治区墨脱县,西藏自治区墨脱县
542625,西藏自治区波密县,西藏自治区波密县
542626,西藏自治区察隅县,西藏自治区察隅县
542627,西藏自治区朗县,西藏自治区朗县
610000,陕西省,陕西省
610100,陕西省西安市,陕西省西安市
610101,陕西省西安市市辖区,陕西省西安市
610102,陕西省西安市新城区,陕西省西安市
610103,陕西省西安市碑林区,陕西省西安市
610104,陕西省西安市莲湖区,陕西省西安市
610111,陕西省西安市灞桥区,陕西省西安市
610112,陕西省西安市未央区,陕西省西安市
610113,陕西省西安市雁塔区,陕西省西安市
610114,陕西省西安市阎良区,陕西省西安市
610115,陕西省西安市临潼区,陕西省西安市
610116,陕西省西安市长安区,陕西省西安市
610122,陕西省蓝田县,陕西省蓝田县
610124,陕西省周至县,陕西省周至县
610125,陕西省户县,陕西省户县
610126,陕西省高陵县,陕西省高陵县
610200,陕西省铜川市,陕西省铜川市
610201,陕西省铜川市市辖区,陕西省铜川市
610202,陕西省铜川市王益区,陕西省铜川市
610203,陕西省铜川市印台区,陕西省铜川市
610204,陕西省铜川市耀州区,陕西省铜川市
610222,陕西省宜君县,陕西省宜君县
610300,陕西省宝鸡市,陕西省宝鸡市
610301,陕西省宝鸡市市辖区,陕西省宝鸡市
610302,陕西省宝鸡市渭滨区,陕西省宝鸡市
610303,陕西省宝鸡市金台区,陕西省宝鸡市
610304,陕西省宝鸡市陈仓区,陕西省宝鸡市
610322,陕西省凤翔县,陕西省凤翔县
610323,陕西省岐山县,陕西省岐山县
610324,陕西省扶风县,陕西省扶风县
610326,陕西省眉县,陕西省眉县
610327,陕西省陇县,陕西省陇县
610328,陕西省千阳县,陕西省千阳县
610329,陕西省麟游县,陕西省麟游县
610330,陕西省凤县,陕西省凤县
610331,陕西省太白县,陕西省太白县
610400,陕西省咸阳市,陕西省咸阳市
610401,陕西省咸阳市市辖区,陕西省咸阳市
610402,陕西省咸阳市秦都区,陕西省咸阳市
610403,陕西省咸阳市杨凌区,陕西省咸阳市
610404,陕西省咸阳市渭城区,陕西省咸阳市
610422,陕西省三原县,陕西省三原县
610423,陕西省泾阳县,陕西省泾阳县
610424,陕西省乾县,陕西省乾县
610425,陕西省礼泉县,陕西省礼泉县
610426,陕西省永寿县,陕西省永寿县
610427,陕西省彬县,陕西省彬县
610428,陕西省长武县,陕西省长武县
610429,陕西省旬邑县,陕西省旬邑县
610430,陕西省淳化县,陕西省淳化县
610431,陕西省武功县,陕西省武功县
610481,陕西省兴平市,陕西省兴平市
610500,陕西省渭南市,陕西省渭南市
610501,陕西省渭南市市辖区,陕西省渭南市
610502,陕西省渭南市临渭区,陕西省渭南市
610521,陕西省华县,陕西省华县
610522,陕西省潼关县,陕西省潼关县
610523,陕西省大荔县,陕西省大荔县
610524,陕西省合阳县,陕西省合阳县
610525,陕西省澄城县,陕西省澄城县
610526,陕西省蒲城县,陕西省蒲城县
610527,陕西省白水县,陕西省白水县
610528,陕西省富平县,陕西省富平县
610581,陕西省韩城市,陕西省韩城市
610582,陕西省华阴市,陕西省华阴市
610600,陕西省延安市,陕西省延安市
610601,陕西省延安市市辖区,陕西省延安市
610602,陕西省延安市宝塔区,陕西省延安市
610621,陕西省延长县,陕西省延长县
610622,陕西省延川县,陕西省延川县
610623,陕西省子长县,陕西省子长县
610624,陕西省安塞县,陕西省安塞县
610625,陕西省志丹县,陕西省志丹县
610626,陕西省吴起县,陕西省吴起县
610627,陕西省甘泉县,陕西省甘泉县
610628,陕西省富县,陕西省富县
610629,陕西省洛川县,陕西省洛川县
610630,陕西省宜川县,陕西省宜川县
610631,陕西省黄龙县,陕西省黄龙县
610632,陕西省黄陵县,陕西省黄陵县
610700,陕西省汉中市,陕西省汉中市
610701,陕西省汉中市市辖区,陕西省汉中市
610702,陕西省汉中市汉台区,陕西省汉中市
610721,陕西省南郑县,陕西省南郑县
610722,陕西省城固县,陕西省城固县
610723,陕西省洋县,陕西省洋县
610724,陕西省西乡县,陕西省西乡县
610725,陕西省勉县,陕西省勉县
610726,陕西省宁强县,陕西省宁强县
610727,陕西省略阳县,陕西省略阳县
610728,陕西省镇巴县,陕西省镇巴县
610729,陕西省留坝县,陕西省留坝县
610730,陕西省佛坪县,陕西省佛坪县
610800,陕西省榆林市,陕西省榆林市
610801,陕西省榆林市市辖区,陕西省榆林市
610802,陕西省榆林市榆阳区,陕西省榆林市
610821,陕西省神木县,陕西省神木县
610822,陕西省府谷县,陕西省府谷县
610823,陕西省横山县,陕西省横山县
610824,陕西省靖边县,陕西省靖边县
610825,陕西省定边县,陕西省定边县
610826,陕西省绥德县,陕西省绥德县
610827,陕西省米脂县,陕西省米脂县
610828,陕西省佳县,陕西省佳县
610829,陕西省吴堡县,陕西省吴堡县
610830,陕西省清涧县,陕西省清涧县
610831,陕西省子洲县,陕西省子洲县
610900,陕西省安康市,陕西省安康市
610901,陕西省安康市市辖区,陕西省安康市
610902,陕西省安康市安汉滨区,陕西省安康市
610921,陕西省汉阴县,陕西省汉阴县
610922,陕西省石泉县,陕西省石泉县
610923,陕西省宁陕县,陕西省宁陕县
610924,陕西省紫阳县,陕西省紫阳县
610925,陕西省岚皋县,陕西省岚皋县
610926,陕西省平利县,陕西省平利县
610927,陕西省镇坪县,陕西省镇坪县
610928,陕西省旬阳县,陕西省旬阳县
610929,陕西省白河县,陕西省白河县
611000,陕西省商洛市,陕西省商洛市
611001,陕西省商洛市市辖区,陕西省商洛市
611002,陕西省商洛市商州区,陕西省商洛市
611021,陕西省洛南县,陕西省洛南县
611022,陕西省丹凤县,陕西省丹凤县
611023,陕西省商南县,陕西省商南县
611024,陕西省山阳县,陕西省山阳县
611025,陕西省镇安县,陕西省镇安县
611026,陕西省柞水县,陕西省柞水县
620000,甘肃省,甘肃省
620100,甘肃省兰州市,甘肃省兰州市
620101,甘肃省兰州市市辖区,甘肃省兰州市
620102,甘肃省兰州市城关区,甘肃省兰州市
620103,甘肃省兰州市七里河区,甘肃省兰州市
620104,甘肃省兰州市西固区,甘肃省兰州市
620105,甘肃省兰州市安宁区,甘肃省兰州市
620111,甘肃省兰州市红古区,甘肃省兰州市
620121,甘肃省永登县,甘肃省永登县
620122,甘肃省皋兰县,甘肃省皋兰县
620123,甘肃省榆中县,甘肃省榆中县
620200,甘肃省嘉峪关市,甘肃省嘉峪关市
620201,甘肃省嘉峪关市市辖区,甘肃省嘉峪关市
620300,甘肃省金昌市,甘肃省金昌市
620301,甘肃省金昌市市辖区,甘肃省金昌市
620302,甘肃省金昌市金川区,甘肃省金昌市
620321,甘肃省永昌县,甘肃省永昌县
620400,甘肃省白银市,甘肃省白银市
620401,甘肃省白银市市辖区,甘肃省白银市
620402,甘肃省白银市白银区,甘肃省白银市
620403,甘肃省白银市平川区,甘肃省白银市
620421,甘肃省靖远县,甘肃省靖远县
620422,甘肃省会宁县,甘肃省会宁县
620423,甘肃省景泰县,甘肃省景泰县
620500,甘肃省天水市,甘肃省天水市
620501,甘肃省天水市市辖区,甘肃省天水市
620502,甘肃省天水市秦州区,甘肃省天水市
620503,甘肃省天水市麦积区,甘肃省天水市
620521,甘肃省清水县,甘肃省清水县
620522,甘肃省秦安县,甘肃省秦安县
620523,甘肃省甘谷县,甘肃省甘谷县
620524,甘肃省武山县,甘肃省武山县
620525,甘肃省张家川回族自治县,甘肃省张家川回族自治县
620600,甘肃省武威市,甘肃省武威市
620601,甘肃省武威市市辖区,甘肃省武威市
620602,甘肃省武威市凉州区,甘肃省武威市
620621,甘肃省民勤县,甘肃省民勤县
620622,甘肃省古浪县,甘肃省古浪县
620623,甘肃省天祝藏族自治县,甘肃省天祝藏族自治县
620700,甘肃省张掖市,甘肃省张掖市
620701,甘肃省张掖市市辖区,甘肃省张掖市
620702,甘肃省张掖市甘州区,甘肃省张掖市
620721,甘肃省肃南裕固族自治县,甘肃省肃南裕固族自治县
620722,甘肃省民乐县,甘肃省民乐县
620723,甘肃省临泽县,甘肃省临泽县
620724,甘肃省高台县,甘肃省高台县
620725,甘肃省山丹县,甘肃省山丹县
620800,甘肃省平凉市,甘肃省平凉市
620801,甘肃省平凉市市辖区,甘肃省平凉市
620802,甘肃省平凉市崆峒区,甘肃省平凉市
620821,甘肃省泾川县,甘肃省泾川县
620822,甘肃省灵台县,甘肃省灵台县
620823,甘肃省崇信县,甘肃省崇信县
620824,甘肃省华亭县,甘肃省华亭县
620825,甘肃省庄浪县,甘肃省庄浪县
620826,甘肃省静宁县,甘肃省静宁县
620900,甘肃省酒泉市,甘肃省酒泉市
620901,甘肃省酒泉市市辖区,甘肃省酒泉市
620902,甘肃省酒泉市肃州区,甘肃省酒泉市
620921,甘肃省金塔县,甘肃省金塔县
620922,甘肃省瓜州县,甘肃省瓜州县
620923,甘肃省肃北蒙古族自治县,甘肃省肃北蒙古族自治县
620924,甘肃省阿克塞哈萨克族自治县,甘肃省阿克塞哈萨克族自治县
620981,甘肃省玉门市,甘肃省玉门市
620982,甘肃省敦煌市,甘肃省敦煌市
621000,甘肃省庆阳市,甘肃省庆阳市
621001,甘肃省庆阳市市辖区,甘肃省庆阳市
621002,甘肃省庆阳市西峰区,甘肃省庆阳市
621021,甘肃省庆城县,甘肃省庆城县
621022,甘肃省环县,甘肃省环县
621023,甘肃省华池县,甘肃省华池县
621024,甘肃省合水县,甘肃省合水县
621025,甘肃省正宁县,甘肃省正宁县
621026,甘肃省宁县,甘肃省宁县
621027,甘肃省镇原县,甘肃省镇原县
621100,甘肃省定西市,甘肃省定西市
621101,甘肃省定西市市辖区,甘肃省定西市
621102,甘肃省定西市安定区,甘肃省定西市
621121,甘肃省通渭县,甘肃省通渭县
621122,甘肃省陇西县,甘肃省陇西县
621123,甘肃省渭源县,甘肃省渭源县
621124,甘肃省临洮县,甘肃省临洮县
621125,甘肃省漳县,甘肃省漳县
621126,甘肃省岷县,甘肃省岷县
621200,甘肃省陇南市,甘肃省陇南市
621201,甘肃省陇南市市辖区,甘肃省陇南市
621202,甘肃省陇南市武都区,甘肃省陇南市
621221,甘肃省成县,甘肃省成县
621222,甘肃省文县,甘肃省文县
621223,甘肃省宕昌县,甘肃省宕昌县
621224,甘肃省康县,甘肃省康县
621225,甘肃省西和县,甘肃省西和县
621226,甘肃省礼县,甘肃省礼县
621227,甘肃省徽县,甘肃省徽县
621228,甘肃省两当县,甘肃省两当县
622900,甘肃省临夏回族自治州,甘肃省临夏回族自治州
622901,甘肃省临夏市,甘肃省临夏市
622921,甘肃省临夏县,甘肃省临夏县
622922,甘肃省康乐县,甘肃省康乐县
622923,甘肃省永靖县,甘肃省永靖县
622924,甘肃省广河县,甘肃省广河县
622925,甘肃省和政县,甘肃省和政县
622926,东乡族自治县,东乡族自治县
622927,甘肃省积石山保安族东乡族撒拉族自治县,甘肃省积石山保安族东乡族撒拉族自治县
623000,甘肃省甘南藏族自治州,甘肃省甘南藏族自治州
623001,甘肃省合作市,甘肃省合作市
623021,甘肃省临潭县,甘肃省临潭县
623022,甘肃省卓尼县,甘肃省卓尼县
623023,甘肃省舟曲县,甘肃省舟曲县
623024,甘肃省迭部县,甘肃省迭部县
623025,甘肃省玛曲县,甘肃省玛曲县
623026,甘肃省碌曲县,甘肃省碌曲县
623027,甘肃省夏河县,甘肃省夏河县
630000,青海省,青海省
630100,青海省西宁市,青海省西宁市
630101,青海省西宁市市辖区,青海省西宁市
630102,青海省西宁市城东区,青海省西宁市
630103,青海省西宁市城中区,青海省西宁市
630104,青海省西宁市城西区,青海省西宁市
630105,青海省西宁市城北区,青海省西宁市
630121,青海省大通回族土族自治县,青海省大通回族土族自治县
630122,青海省湟中县,青海省湟中县
630123,青海省湟源县,青海省湟源县
632100,青海省海东地区,青海省海东地区
632121,青海省平安县,青海省平安县
632122,青海省民和回族土族自治县,青海省民和回族土族自治县
632123,青海省乐都县,青海省乐都县
632126,青海省互助土族自治县,青海省互助土族自治县
632127,青海省化隆回族自治县,青海省化隆回族自治县
632128,青海省循化撒拉族自治县,青海省循化撒拉族自治县
632200,青海省海北藏族自治州,青海省海北藏族自治州
632221,青海省门源回族自治县,青海省门源回族自治县
632222,青海省祁连县,青海省祁连县
632223,青海省海晏县,青海省海晏县
632224,青海省刚察县,青海省刚察县
632300,青海省黄南藏族自治州,青海省黄南藏族自治州
632321,青海省同仁县,青海省同仁县
632322,青海省尖扎县,青海省尖扎县
632323,青海省泽库县,青海省泽库县
632324,青海省河南蒙古族自治县,青海省河南蒙古族自治县
632500,青海省海南藏族自治州,青海省海南藏族自治州
632521,青海省共和县,青海省共和县
632522,青海省同德县,青海省同德县
632523,青海省贵德县,青海省贵德县
632524,青海省兴海县,青海省兴海县
632525,青海省贵南县,青海省贵南县
632600,青海省果洛藏族自治州,青海省果洛藏族自治州
632621,青海省青海省玛沁县,青海省青海省玛沁县
632622,青海省班玛县,青海省班玛县
632623,青海省甘德县,青海省甘德县
632624,青海省达日县,青海省达日县
632625,青海省久治县,青海省久治县
632626,青海省玛多县,青海省玛多县
632700,青海省玉树藏族自治州,青海省玉树藏族自治州
632721,青海省玉树县,青海省玉树县
632722,青海省杂多县,青海省杂多县
632723,青海省称多县,青海省称多县
632724,青海省治多县,青海省治多县
632725,青海省囊谦县,青海省囊谦县
632726,青海省曲麻莱县,青海省曲麻莱县
632800,青海省海西蒙古族藏族自治州,青海省海西蒙古族藏族自治州
632801,青海省格尔木市,青海省格尔木市
632802,青海省德令哈市,青海省德令哈市
632821,青海省乌兰县,青海省乌兰县
632822,青海省都兰县,青海省都兰县
632823,青海省天峻县,青海省天峻县
640000,宁夏回族自治区,宁夏回族自治区
640100,宁夏回族自治区银川市,宁夏回族自治区银川市
640101,宁夏回族自治区银川市市辖区,宁夏回族自治区银川市
640104,宁夏回族自治区银川市兴庆区,宁夏回族自治区银川市
640105,宁夏回族自治区银川市西夏区,宁夏回族自治区银川市
640106,宁夏回族自治区银川市金凤区,宁夏回族自治区银川市
640121,宁夏回族自治区永宁县,宁夏回族自治区永宁县
640122,宁夏回族自治区贺兰县,宁夏回族自治区贺兰县
640181,宁夏回族自治区灵武市,宁夏回族自治区灵武市
640200,宁夏回族自治区石嘴山市,宁夏回族自治区石嘴山市
640201,宁夏回族自治区石嘴山市市辖区,宁夏回族自治区石嘴山市
640202,宁夏回族自治区石嘴山市大武口区,宁夏回族自治区石嘴山市
640205,宁夏回族自治区石嘴山市惠农区,宁夏回族自治区石嘴山市
640221,宁夏回族自治区平罗县,宁夏回族自治区平罗县
640300,宁夏回族自治区吴忠市,宁夏回族自治区吴忠市
640301,宁夏回族自治区吴忠市市辖区,宁夏回族自治区吴忠市
640302,宁夏回族自治区吴忠市利通区,宁夏回族自治区吴忠市
640323,宁夏回族自治区盐池县,宁夏回族自治区盐池县
640324,宁夏回族自治区同心县,宁夏回族自治区同心县
640381,宁夏回族自治区青铜峡市,宁夏回族自治区青铜峡市
640400,宁夏回族自治区固原市,宁夏回族自治区固原市
640401,宁夏回族自治区固原市市辖区,宁夏回族自治区固原市
640402,宁夏回族自治区固原市原州区,宁夏回族自治区固原市
640422,宁夏回族自治区西吉县,宁夏回族自治区西吉县
640423,宁夏回族自治区隆德县,宁夏回族自治区隆德县
640424,宁夏回族自治区泾源县,宁夏回族自治区泾源县
640425,宁夏回族自治区彭阳县,宁夏回族自治区彭阳县
640500,宁夏回族自治区中卫市,宁夏回族自治区中卫市
640501,宁夏回族自治区中卫市市辖区,宁夏回族自治区中卫市
640502,宁夏回族自治区中卫市沙坡头区,宁夏回族自治区中卫市
640521,宁夏回族自治区中宁县,宁夏回族自治区中宁县
640522,宁夏回族自治区海原县,宁夏回族自治区海原县
650000,新疆维吾尔自治区,新疆维吾尔自治区
650100,新疆维吾尔自治区乌鲁木齐市,新疆维吾尔自治区乌鲁木齐市
650101,新疆维吾尔自治区乌鲁木齐市市辖区,新疆维吾尔自治区乌鲁木齐市
650102,新疆维吾尔自治区乌鲁木齐市天山区,新疆维吾尔自治区乌鲁木齐市
650103,新疆维吾尔自治区乌鲁木齐市沙依巴克区,新疆维吾尔自治区乌鲁木齐市
650104,新疆维吾尔自治区乌鲁木齐市新市区,新疆维吾尔自治区乌鲁木齐市
650105,新疆维吾尔自治区乌鲁木齐市水磨沟区,新疆维吾尔自治区乌鲁木齐市
650106,新疆维吾尔自治区乌鲁木齐市头屯河区,新疆维吾尔自治区乌鲁木齐市
650107,新疆维吾尔自治区乌鲁木齐市达坂城区,新疆维吾尔自治区乌鲁木齐市
650109,新疆维吾尔自治区乌鲁木齐市米东区,新疆维吾尔自治区乌鲁木齐市
650121,新疆维吾尔自治区乌鲁木齐县,新疆维吾尔自治区乌鲁木齐县
650200,新疆维吾尔自治区克拉玛依市,新疆维吾尔自治区克拉玛依市
650201,新疆维吾尔自治区克拉玛依市市辖区,新疆维吾尔自治区克拉玛依市
650202,新疆维吾尔自治区克拉玛依市独山子区,新疆维吾尔自治区克拉玛依市
650203,新疆维吾尔自治区克拉玛依市克拉玛依区,新疆维吾尔自治区克拉玛依市
650204,新疆维吾尔自治区克拉玛依市白碱滩区,新疆维吾尔自治区克拉玛依市
650205,新疆维吾尔自治区克拉玛依市乌尔禾区,新疆维吾尔自治区克拉玛依市
652100,新疆维吾尔自治区吐鲁番地区,新疆维吾尔自治区吐鲁番地区
652101,新疆维吾尔自治区吐鲁番市,新疆维吾尔自治区吐鲁番市
652122,新疆维吾尔自治区鄯善县,新疆维吾尔自治区鄯善县
652123,新疆维吾尔自治区托克逊县,新疆维吾尔自治区托克逊县
652200,新疆维吾尔自治区哈密地区,新疆维吾尔自治区哈密地区
652201,新疆维吾尔自治区哈密市,新疆维吾尔自治区哈密市
652222,新疆维吾尔自治区巴里坤哈萨克自治县,新疆维吾尔自治区巴里坤哈萨克自治县
652223,新疆维吾尔自治区伊吾县,新疆维吾尔自治区伊吾县
652300,新疆维吾尔自治区昌吉回族自治州,新疆维吾尔自治区昌吉回族自治州
652301,新疆维吾尔自治区昌吉市,新疆维吾尔自治区昌吉市
652302,新疆维吾尔自治区阜康市,新疆维吾尔自治区阜康市
652323,新疆维吾尔自治区呼图壁县,新疆维吾尔自治区呼图壁县
652324,新疆维吾尔自治区玛纳斯县,新疆维吾尔自治区玛纳斯县
652325,新疆维吾尔自治区奇台县,新疆维吾尔自治区奇台县
652327,新疆维吾尔自治区吉木萨尔县,新疆维吾尔自治区吉木萨尔县
652328,新疆维吾尔自治区木垒哈萨克自治县,新疆维吾尔自治区木垒哈萨克自治县
652700,新疆维吾尔自治区博尔塔拉蒙古自治州,新疆维吾尔自治区博尔塔拉蒙古自治州
652701,新疆维吾尔自治区博乐市,新疆维吾尔自治区博乐市
652722,新疆维吾尔自治区精河县,新疆维吾尔自治区精河县
652723,新疆维吾尔自治区温泉县,新疆维吾尔自治区温泉县
652800,新疆维吾尔自治区巴音郭楞蒙古自治州,新疆维吾尔自治区巴音郭楞蒙古自治州
652801,新疆维吾尔自治区库尔勒市,新疆维吾尔自治区库尔勒市
652822,新疆维吾尔自治区轮台县,新疆维吾尔自治区轮台县
652823,新疆维吾尔自治区尉犁县,新疆维吾尔自治区尉犁县
652824,新疆维吾尔自治区若羌县,新疆维吾尔自治区若羌县
652825,新疆维吾尔自治区且末县,新疆维吾尔自治区且末县
652826,新疆维吾尔自治区焉耆回族自治县,新疆维吾尔自治区焉耆回族自治县
652827,新疆维吾尔自治区和静县,新疆维吾尔自治区和静县
652828,新疆维吾尔自治区和硕县,新疆维吾尔自治区和硕县
652829,新疆维吾尔自治区博湖县,新疆维吾尔自治区博湖县
652900,新疆维吾尔自治区阿克苏地区,新疆维吾尔自治区阿克苏地区
652901,新疆维吾尔自治区阿克苏市,新疆维吾尔自治区阿克苏市
652922,新疆维吾尔自治区温宿县,新疆维吾尔自治区温宿县
652923,新疆维吾尔自治区库车县,新疆维吾尔自治区库车县
652924,新疆维吾尔自治区沙雅县,新疆维吾尔自治区沙雅县
652925,新疆维吾尔自治区新和县,新疆维吾尔自治区新和县
652926,新疆维吾尔自治区拜城县,新疆维吾尔自治区拜城县
652927,新疆维吾尔自治区乌什县,新疆维吾尔自治区乌什县
652928,新疆维吾尔自治区阿瓦提县,新疆维吾尔自治区阿瓦提县
652929,新疆维吾尔自治区柯坪县,新疆维吾尔自治区柯坪县
653000,新疆维吾尔自治区克孜勒苏柯尔克孜自治州,新疆维吾尔自治区克孜勒苏柯尔克孜自治州
653001,新疆维吾尔自治区阿图什市,新疆维吾尔自治区阿图什市
653022,新疆维吾尔自治区阿克陶县,新疆维吾尔自治区阿克陶县
653023,新疆维吾尔自治区阿合奇县,新疆维吾尔自治区阿合奇县
653024,新疆维吾尔自治区乌恰县,新疆维吾尔自治区乌恰县
653100,新疆维吾尔自治区喀什地区,新疆维吾尔自治区喀什地区
653101,新疆维吾尔自治区喀什市,新疆维吾尔自治区喀什市
653121,新疆维吾尔自治区疏附县,新疆维吾尔自治区疏附县
653122,新疆维吾尔自治区疏勒县,新疆维吾尔自治区疏勒县
653123,新疆维吾尔自治区英吉沙县,新疆维吾尔自治区英吉沙县
653124,新疆维吾尔自治区泽普县,新疆维吾尔自治区泽普县
653125,新疆维吾尔自治区莎车县,新疆维吾尔自治区莎车县
653126,新疆维吾尔自治区叶城县,新疆维吾尔自治区叶城县
653127,新疆维吾尔自治区麦盖提县,新疆维吾尔自治区麦盖提县
653128,新疆维吾尔自治区岳普湖县,新疆维吾尔自治区岳普湖县
653129,新疆维吾尔自治区伽师县,新疆维吾尔自治区伽师县
653130,新疆维吾尔自治区巴楚县,新疆维吾尔自治区巴楚县
653131,新疆维吾尔自治区塔什库尔干塔吉克自治县,新疆维吾尔自治区塔什库尔干塔吉克自治县
653200,新疆维吾尔自治区和田地区,新疆维吾尔自治区和田地区
653201,新疆维吾尔自治区和田市,新疆维吾尔自治区和田市
653221,新疆维吾尔自治区和田县,新疆维吾尔自治区和田县
653222,新疆维吾尔自治区墨玉县,新疆维吾尔自治区墨玉县
653223,新疆维吾尔自治区皮山县,新疆维吾尔自治区皮山县
653224,新疆维吾尔自治区洛浦县,新疆维吾尔自治区洛浦县
653225,新疆维吾尔自治区策勒县,新疆维吾尔自治区策勒县
653226,新疆维吾尔自治区于田县,新疆维吾尔自治区于田县
653227,新疆维吾尔自治区民丰县,新疆维吾尔自治区民丰县
654000,新疆维吾尔自治区伊犁哈萨克自治州,新疆维吾尔自治区伊犁哈萨克自治州
654002,新疆维吾尔自治区伊宁市,新疆维吾尔自治区伊宁市
654003,新疆维吾尔自治区奎屯市,新疆维吾尔自治区奎屯市
654021,新疆维吾尔自治区伊宁县,新疆维吾尔自治区伊宁县
654022,新疆维吾尔自治区察布查尔锡伯自治县,新疆维吾尔自治区察布查尔锡伯自治县
654023,新疆维吾尔自治区霍城县,新疆维吾尔自治区霍城县
654024,新疆维吾尔自治区巩留县,新疆维吾尔自治区巩留县
654025,新疆维吾尔自治区新源县,新疆维吾尔自治区新源县
654026,新疆维吾尔自治区昭苏县,新疆维吾尔自治区昭苏县
654027,新疆维吾尔自治区特克斯县,新疆维吾尔自治区特克斯县
654028,新疆维吾尔自治区尼勒克县,新疆维吾尔自治区尼勒克县
654200,新疆维吾尔自治区塔城地区,新疆维吾尔自治区塔城地区
654201,新疆维吾尔自治区塔城市,新疆维吾尔自治区塔城市
654202,新疆维吾尔自治区乌苏市,新疆维吾尔自治区乌苏市
654221,新疆维吾尔自治区额敏县,新疆维吾尔自治区额敏县
654223,新疆维吾尔自治区沙湾县,新疆维吾尔自治区沙湾县
654224,新疆维吾尔自治区托里县,新疆维吾尔自治区托里县
654225,新疆维吾尔自治区裕民县,新疆维吾尔自治区裕民县
654226,新疆维吾尔自治区和布克赛尔蒙古自治县,新疆维吾尔自治区和布克赛尔蒙古自治县
654300,新疆维吾尔自治区阿勒泰地区,新疆维吾尔自治区阿勒泰地区
654301,新疆维吾尔自治区阿勒泰市,新疆维吾尔自治区阿勒泰市
654321,新疆维吾尔自治区布尔津县,新疆维吾尔自治区布尔津县
654322,新疆维吾尔自治区富蕴县,新疆维吾尔自治区富蕴县
654323,新疆维吾尔自治区福海县,新疆维吾尔自治区福海县
654324,新疆维吾尔自治区哈巴河县,新疆维吾尔自治区哈巴河县
654325,新疆维吾尔自治区青河县,新疆维吾尔自治区青河县
654326,新疆维吾尔自治区吉木乃县,新疆维吾尔自治区吉木乃县
659000,新疆维吾尔自治区自治区直辖县级行政单位,新疆维吾尔自治区自治区直辖县级行政单位
659001,新疆维吾尔自治区石河子市,新疆维吾尔自治区石河子市
659002,新疆维吾尔自治区阿拉尔市,新疆维吾尔自治区阿拉尔市
659003,新疆维吾尔自治区图木舒克市,新疆维吾尔自治区图木舒克市
